date,precipitation (mm),temperature (°C),potential evapotranspiration (mm),flow (m³/s),suspended sediment (mg/L),total phosphorus (mg/L),nitrate (mg/L)
2002-01-01,1.30767,-0.83878,0.00721,160.21500,31.48050,0.17414,13.47850
2002-01-02,4.28769,6.53176,0.09125,168.28000,31.93450,0.17132,12.64900
2002-01-03,1.96220,8.08962,0.18201,155.76000,29.74050,0.17762,12.71950
2002-01-04,2.18804,6.51709,0.12575,146.54500,27.73250,0.18229,12.76300
2002-01-05,1.66198,7.24582,0.18461,136.36500,25.83450,0.18791,12.63450
2002-01-06,1.08084,6.38531,0.01350,125.19600,23.77200,0.19390,12.48750
2002-01-07,0.50188,6.78444,0.24187,114.61450,21.73050,0.19976,12.05450
2002-01-08,3.46688,7.92891,0.44460,120.65750,22.66400,0.19614,11.13860
2002-01-09,10.06474,5.31523,0.18370,178.32000,29.90250,0.17489,9.53045
2002-01-10,3.64679,6.99320,0.00678,178.47500,29.26550,0.17905,10.34295
2002-01-11,11.84680,9.60747,0.23332,244.21500,36.86450,0.16342,9.45880
2002-01-12,7.22834,9.51172,0.24901,260.34500,39.42500,0.16248,10.11670
2002-01-13,0.03737,7.63706,0.47463,224.42500,36.28250,0.17052,11.67705
2002-01-14,1.73819,9.81933,0.65321,203.32500,34.39350,0.17522,12.49100
2002-01-15,0.02566,3.62111,0.00019,182.20500,31.28050,0.18053,13.04400
2002-01-16,0.16046,5.75715,0.12846,165.93000,28.65300,0.18474,12.76950
2002-01-17,0.01064,5.17040,0.00014,152.88000,26.09900,0.18900,12.68250
2002-01-18,0.01677,3.60335,0.01943,142.12000,23.93950,0.19240,12.44900
2002-01-19,0.01572,3.49434,0.07779,133.01000,22.10200,0.19572,12.03950
2002-01-20,0.00583,2.47425,0.06781,125.08250,20.47300,0.19881,11.60000
2002-01-21,0.00065,0.89481,0.14384,118.05600,19.12900,0.20111,11.25085
2002-01-22,0.00190,1.15077,0.23275,111.76100,17.81750,0.20345,10.88865
2002-01-23,0.35367,2.28079,0.24162,106.27450,16.39400,0.20582,10.54525
2002-01-24,0.48385,3.64622,0.13805,101.38550,15.85050,0.20716,10.22905
2002-01-25,0.04358,4.62764,0.19431,96.40800,14.88500,0.20888,9.95285
2002-01-26,0.01129,5.89201,0.01473,91.76000,14.07805,0.21089,9.70030
2002-01-27,0.00644,4.98571,0.21926,87.45900,13.23310,0.21300,9.56540
2002-01-28,0.00000,0.60915,0.01812,83.45350,12.76865,0.21534,9.67280
2002-01-29,0.01732,-0.40733,0.08580,79.71300,12.01185,0.21665,9.68035
2002-01-30,0.04716,0.12332,0.08619,76.20250,11.39860,0.21926,9.63135
2002-01-31,0.02173,1.59969,0.18476,72.89600,10.87840,0.22077,9.47210
2002-02-01,0.01165,0.79773,0.08852,69.77400,10.47540,0.22167,9.38735
2002-02-02,0.10588,0.49542,0.17709,66.83250,10.01250,0.22425,9.33895
2002-02-03,0.03686,1.58762,0.16950,64.03250,9.74355,0.22592,9.21710
2002-02-04,0.10390,4.98503,0.21401,61.38950,9.26185,0.22824,8.93145
2002-02-05,0.07031,5.85642,0.38191,58.86750,8.83045,0.23096,8.74505
2002-02-06,1.99051,6.58154,0.43788,61.21900,9.75565,0.22711,8.44710
2002-02-07,0.50099,5.91734,0.34629,59.52300,9.28130,0.22979,8.65110
2002-02-08,11.38420,3.60585,0.11955,110.94850,18.69650,0.18946,7.22155
2002-02-09,0.57447,0.73583,0.81566,103.97700,16.25100,0.20064,9.13895
2002-02-10,4.54475,3.55961,0.26642,115.40400,18.91750,0.19681,9.08325
2002-02-11,0.23337,5.06335,0.67021,103.99450,17.19050,0.20505,9.97170
2002-02-12,0.35749,2.88528,0.45977,93.57750,16.12900,0.21085,10.41695
2002-02-13,0.07297,3.00475,0.73272,84.92050,14.80200,0.21516,10.44975
2002-02-14,2.21056,0.89693,0.14287,84.62450,15.23400,0.21276,10.20525
2002-02-15,0.21214,3.06088,0.24692,78.70600,14.10980,0.21754,10.21785
2002-02-16,0.07414,3.42366,0.45220,73.03400,13.28900,0.22197,10.11760
2002-02-17,2.65372,4.42497,0.11949,76.71800,14.35250,0.21687,9.53630
2002-02-18,0.10412,5.37291,0.40617,72.45900,13.09235,0.22160,9.70800
2002-02-19,0.03824,4.42186,0.53450,67.75100,12.38190,0.22601,9.73635
2002-02-20,0.33021,3.23581,0.14351,63.67800,11.73440,0.22909,9.71660
2002-02-21,8.04572,6.81816,0.10206,90.86600,17.22300,0.20352,8.46395
2002-02-22,0.91714,5.62845,0.21492,86.26750,15.23050,0.21049,9.30345
2002-02-23,0.34071,4.87035,0.29193,78.48250,14.33650,0.21805,9.62940
2002-02-24,5.59369,7.48199,0.28458,89.21200,17.19700,0.20737,9.18095
2002-02-25,8.11264,9.04243,0.07790,118.12000,21.60150,0.18901,8.29085
2002-02-26,0.81159,6.73414,0.28356,106.21950,18.81000,0.19719,9.41635
2002-02-27,1.10132,7.62875,0.45600,95.16900,17.72000,0.20281,9.79650
2002-02-28,3.50571,10.03019,0.61000,95.91850,18.62050,0.19910,9.39835
2002-03-01,4.62384,9.37312,0.51712,107.61150,20.17650,0.19048,8.81760
2002-03-02,1.10880,7.66968,0.86470,99.00450,18.44400,0.19541,9.68635
2002-03-03,0.24956,3.87842,0.98608,89.03050,17.02050,0.20026,10.21270
2002-03-04,1.95114,3.73190,0.96391,86.10600,16.96750,0.20012,10.12045
2002-03-05,7.46046,2.17601,0.69384,110.78600,20.83850,0.18318,9.35700
2002-03-06,1.88650,1.72009,1.22409,106.30500,19.34350,0.18671,10.03960
2002-03-07,3.38830,1.11017,0.71297,109.72000,19.92600,0.18516,10.00550
2002-03-08,0.54858,1.89950,0.56164,99.40450,18.43400,0.19128,10.49305
2002-03-09,3.51969,2.59697,0.43507,104.64150,19.39050,0.18717,10.00560
2002-03-10,0.29253,3.78278,0.98954,95.72900,17.54150,0.19283,10.36730
2002-03-11,9.16640,3.54428,0.96949,140.79900,23.90850,0.17042,8.60860
2002-03-12,8.99339,8.33461,0.12569,187.12000,28.43800,0.15837,8.30130
2002-03-13,7.21870,4.96755,0.26615,211.13500,31.31200,0.15425,9.06385
2002-03-14,0.00000,6.65108,0.19592,182.70000,28.67000,0.16134,10.58730
2002-03-15,5.23197,3.38013,1.17717,191.09000,30.17650,0.15679,10.84615
2002-03-16,2.46165,4.64094,1.70188,179.28500,28.79900,0.15897,11.42725
2002-03-17,0.00000,2.30380,1.38649,159.97000,25.99200,0.16345,11.96050
2002-03-18,0.00285,2.08496,1.15120,144.79500,23.68300,0.16745,12.01550
2002-03-19,0.03227,2.62852,0.87573,132.87000,21.85900,0.17175,11.86400
2002-03-20,1.36814,2.45511,1.18194,126.29000,20.85900,0.17422,11.57500
2002-03-21,3.95053,7.94011,0.25435,137.11500,21.99150,0.16963,10.44630
2002-03-22,1.78116,7.67005,0.29141,132.83000,20.95800,0.17269,10.45935
2002-03-23,0.51792,4.71570,0.90235,123.12500,19.43750,0.17686,10.55935
2002-03-24,1.06136,2.51112,0.72809,115.79250,18.46800,0.18033,10.53635
2002-03-25,0.05893,4.06917,0.87988,107.89500,16.97550,0.18412,10.31035
2002-03-26,0.00755,4.19098,1.15447,101.10150,15.83350,0.18726,10.08945
2002-03-27,6.68475,5.02846,0.36704,133.37350,20.58750,0.17086,8.63830
2002-03-28,0.44928,9.49705,0.42575,125.06500,18.53250,0.17706,9.25625
2002-03-29,0.43154,8.66898,2.07646,115.37900,17.63100,0.18131,9.55550
2002-03-30,0.00968,6.78985,1.78591,106.66300,16.07250,0.18480,9.69190
2002-03-31,8.30601,7.37076,0.65145,150.71000,21.70150,0.16430,8.14900
2002-04-01,0.74637,5.75772,1.14647,139.61500,19.92700,0.17079,9.18210
2002-04-02,0.08008,6.45026,1.79905,126.73500,18.68650,0.17592,9.71130
2002-04-03,0.64385,8.13381,1.62890,116.76300,17.86000,0.17891,9.73915
2002-04-04,0.00066,8.28043,2.50215,107.99050,16.59200,0.18228,9.65230
2002-04-05,0.04863,7.42199,1.24697,100.74200,15.42850,0.18547,9.55555
2002-04-06,0.05541,7.64774,1.45259,94.61600,14.39750,0.18776,9.43425
2002-04-07,3.08474,8.29173,1.01224,101.56000,15.70250,0.18220,8.91645
2002-04-08,0.11591,6.18735,1.33972,96.22050,14.35290,0.18586,9.23280
2002-04-09,3.60594,4.75024,0.91434,106.05800,16.20900,0.18033,8.87650
2002-04-10,1.49373,6.67531,1.11184,103.23750,15.59100,0.18290,9.13955
2002-04-11,0.68821,7.02871,0.50468,96.72850,14.57350,0.18778,9.27295
2002-04-12,0.04555,9.08790,2.49965,90.02650,13.68480,0.19119,9.11510
2002-04-13,0.22238,8.14296,1.07758,84.35450,12.67495,0.19417,9.05195
2002-04-14,0.13242,8.05326,1.31050,79.43850,11.68220,0.19746,8.97440
2002-04-15,0.77614,9.21325,1.38304,75.91650,11.70515,0.20011,8.83170
2002-04-16,0.19513,8.02144,1.69664,72.06400,11.01530,0.20387,8.80900
2002-04-17,0.00028,8.97976,2.24411,68.44650,10.50830,0.20756,8.68055
2002-04-18,0.00032,7.94278,1.30783,65.16150,10.41625,0.20997,8.64535
2002-04-19,0.11756,8.11548,1.25013,62.19300,9.81905,0.21293,8.56320
2002-04-20,0.10511,10.03150,2.75640,59.45750,9.21680,0.21612,8.36570
2002-04-21,0.05313,9.17584,1.82540,56.90100,8.89545,0.21905,8.28635
2002-04-22,0.00248,9.93546,2.49075,54.50500,8.50505,0.22140,8.17715
2002-04-23,1.87828,8.78698,1.43412,56.35000,9.33060,0.21940,7.98370
2002-04-24,1.23770,4.94154,2.50283,56.30550,9.24505,0.22135,8.26265
2002-04-25,1.15269,5.49704,2.34697,55.34350,9.21580,0.22324,8.36340
2002-04-26,0.05233,6.12294,2.77437,52.62300,8.53815,0.22768,8.35230
2002-04-27,0.00955,7.98293,2.36393,49.84650,8.17310,0.23214,8.19570
2002-04-28,0.00943,10.76058,2.76998,47.30100,7.87080,0.23533,7.92660
2002-04-29,0.50870,11.17581,3.17470,45.30300,7.83310,0.23855,7.73940
2002-04-30,0.50744,13.75748,2.01908,43.51550,7.68255,0.24006,7.45050
2002-05-01,1.53007,13.99305,2.26980,43.92200,8.22485,0.23899,7.13490
2002-05-02,1.83910,11.17973,1.00370,45.83050,8.72230,0.23593,7.10765
2002-05-03,0.11701,9.97863,3.24633,44.24000,7.98560,0.23950,7.40195
2002-05-04,0.15813,9.19609,3.31188,42.02200,7.70150,0.24460,7.60285
2002-05-05,0.62789,10.37733,2.53441,40.21200,7.79485,0.24812,7.56775
2002-05-06,0.56714,11.81618,2.82674,38.51800,7.69045,0.25173,7.36460
2002-05-07,0.14984,11.25484,3.10478,36.64300,7.37990,0.25517,7.32260
2002-05-08,0.00179,9.82948,2.46536,34.82350,7.02900,0.25883,7.36105
2002-05-09,2.30960,11.22655,2.12152,37.29500,8.38970,0.25248,6.89800
2002-05-10,1.14081,9.61685,2.76800,37.73250,8.30460,0.25179,7.14225
2002-05-11,0.00312,9.43941,2.66590,36.15050,7.66050,0.25565,7.33880
2002-05-12,3.74261,10.27515,0.91787,42.38850,9.98440,0.24343,6.84360
2002-05-13,0.00871,9.72817,3.00779,41.39950,8.73050,0.24696,7.26000
2002-05-14,0.00083,11.50774,2.96725,38.87300,8.38750,0.25353,7.34575
2002-05-15,1.71479,10.86720,2.35685,39.06700,9.35775,0.25370,7.21245
2002-05-16,0.33856,10.61025,2.89793,37.27000,8.87840,0.25802,7.38240
2002-05-17,4.05155,10.16342,0.70767,42.57000,11.16150,0.24653,7.26730
2002-05-18,3.83272,12.23916,2.89281,48.69250,12.25390,0.23747,7.13330
2002-05-19,6.94639,10.18248,2.57038,64.81950,15.60950,0.21872,7.04860
2002-05-20,0.69607,12.74140,1.65292,59.63400,13.57150,0.22789,7.33635
2002-05-21,4.38456,10.44963,1.92515,64.71050,15.73600,0.22304,7.25855
2002-05-22,0.51215,11.17186,2.11591,58.36900,14.32800,0.23109,7.66270
2002-05-23,0.02062,12.73623,3.89849,51.63000,13.50000,0.23908,7.68335
2002-05-24,4.20494,13.40803,3.68369,55.07650,15.57450,0.23101,7.41220
2002-05-25,16.69063,10.57832,0.41682,111.73000,24.84200,0.18186,6.88795
2002-05-26,0.00000,11.99318,2.05025,95.86650,20.18250,0.19435,7.53980
2002-05-27,10.77667,9.25674,0.36646,124.73850,25.72200,0.17671,6.92340
2002-05-28,2.28740,11.73539,1.68631,111.87650,23.27800,0.18302,7.54890
2002-05-29,0.52916,11.08362,1.77155,93.56300,20.75500,0.19085,8.16715
2002-05-30,0.15750,12.54947,2.40100,79.00450,19.22200,0.19770,8.31475
2002-05-31,0.20683,10.74950,1.60572,68.05800,17.88300,0.20339,8.44355
2002-06-01,0.00000,11.27914,3.68920,59.64150,16.76400,0.20868,8.40475
2002-06-02,0.00009,15.41176,4.15053,53.08750,15.68100,0.21388,7.98955
2002-06-03,0.24357,14.88027,4.34526,47.95650,14.92150,0.21906,7.79905
2002-06-04,9.34756,12.82110,1.25556,71.02750,19.49550,0.19136,7.40015
2002-06-05,1.37089,13.99441,2.89117,68.13850,17.05400,0.19753,7.65795
2002-06-06,1.16292,13.56632,1.66523,61.91850,16.22550,0.20605,7.84050
2002-06-07,1.80074,13.96930,2.63459,57.94450,15.94600,0.21092,7.78175
2002-06-08,3.41751,13.29751,2.26989,59.13350,16.84850,0.20956,7.72945
2002-06-09,6.08633,13.39258,3.09967,69.78100,18.88250,0.19862,7.63795
2002-06-10,2.72133,12.45186,1.87519,68.91650,17.77600,0.20201,7.79230
2002-06-11,3.41968,11.60028,1.82311,69.07300,17.97350,0.20217,7.95610
2002-06-12,5.13896,11.75778,1.84296,76.51300,19.35700,0.19537,7.82865
2002-06-13,0.54814,13.17014,3.36506,67.96700,17.22700,0.20384,8.16735
2002-06-14,2.65103,10.73578,1.05468,66.19450,17.66850,0.20514,8.25435
2002-06-15,0.95259,14.06873,3.68264,59.89950,16.51750,0.21091,8.28410
2002-06-16,4.07483,12.21132,0.58603,62.85050,17.73350,0.20651,8.21565
2002-06-17,5.66043,13.05499,0.42725,77.87700,19.66550,0.19324,7.38395
2002-06-18,0.12263,13.33529,1.98977,70.57950,17.28700,0.20114,8.26380
2002-06-19,0.11315,14.49286,3.76723,62.55450,16.19200,0.20922,8.47360
2002-06-20,0.14646,13.89293,3.31929,55.81950,15.29900,0.21542,8.50935
2002-06-21,0.62822,15.76962,3.37162,50.73750,14.76400,0.22078,8.27355
2002-06-22,0.00238,15.18143,4.25702,46.18950,13.73765,0.22648,8.12670
2002-06-23,0.31966,16.27217,2.56825,42.46700,13.34050,0.23150,7.87345
2002-06-24,4.70941,14.67793,1.00218,50.72550,15.37200,0.21770,7.48890
2002-06-25,1.07939,13.14705,1.35404,49.82850,14.00305,0.22133,7.99720
2002-06-26,1.83073,13.68291,2.47135,49.61250,14.02000,0.22314,8.02155
2002-06-27,0.01140,14.01431,3.55650,45.91600,12.84485,0.23023,8.18370
2002-06-28,0.00800,13.74704,3.51586,42.07150,12.24710,0.23694,8.18430
2002-06-29,0.91105,14.29256,3.25622,39.35800,12.19515,0.24135,8.02260
2002-06-30,4.99231,14.01533,1.78580,46.73500,14.50950,0.22779,7.73435
2002-07-01,3.16248,12.32117,2.26666,50.76350,14.46900,0.22456,7.86400
2002-07-02,5.49534,12.51503,0.72988,61.70750,16.62600,0.21437,7.77040
2002-07-03,0.30389,14.50215,1.64639,56.35350,14.67500,0.22348,8.10790
2002-07-04,0.29115,13.75164,2.05303,50.04200,13.76700,0.23322,8.26505
2002-07-05,6.49433,14.64213,0.36519,69.79700,17.91900,0.20911,6.91375
2002-07-06,0.12383,16.36325,3.34913,65.27300,15.71750,0.21723,8.13420
2002-07-07,0.24910,15.18029,2.13664,58.63850,14.84000,0.22522,8.75795
2002-07-08,0.52955,14.65367,1.77490,52.97250,14.26300,0.23186,8.88680
2002-07-09,0.01003,15.88146,4.17353,47.89300,13.42550,0.23719,8.67550
2002-07-10,0.00004,18.23900,4.51973,43.60550,12.72460,0.24286,8.22935
2002-07-11,0.07216,15.54137,2.24585,40.00700,12.35605,0.24766,8.18455
2002-07-12,0.00115,14.54046,3.36072,36.94700,11.66025,0.25234,8.13630
2002-07-13,0.98090,15.19766,1.13560,35.03900,15.31705,0.25715,7.95620
2002-07-14,0.28191,15.68223,1.42494,32.92250,12.88420,0.25997,7.73075
2002-07-15,0.02419,18.18101,3.79643,30.81400,11.73025,0.26459,7.33945
2002-07-16,0.00012,16.03773,3.49298,28.85700,10.88540,0.26908,7.26430
2002-07-17,0.00989,15.72602,2.94000,27.07950,10.32695,0.27368,7.20075
2002-07-18,0.13484,17.01983,2.47105,25.49000,9.91070,0.27822,6.98965
2002-07-19,0.09292,16.82703,2.25972,24.04350,9.53180,0.28237,6.84985
2002-07-20,0.00005,15.02036,3.34809,22.71000,9.13825,0.28645,6.86950
2002-07-21,0.00014,13.92821,4.08137,21.47500,8.91810,0.29010,6.90170
2002-07-22,1.63614,13.97718,1.85425,21.61500,9.62550,0.28884,6.80995
2002-07-23,4.22976,15.89549,2.40024,26.81100,11.61610,0.27286,6.63005
2002-07-24,8.18772,13.97985,0.60327,48.26000,15.60650,0.23673,6.58195
2002-07-25,1.03731,15.16920,2.41321,47.75750,13.22630,0.24751,7.62495
2002-07-26,0.35662,14.40721,2.21306,42.90550,12.32035,0.26445,8.10190
2002-07-27,0.01126,14.91427,3.53754,37.96700,11.74985,0.27764,8.09055
2002-07-28,0.37747,16.82832,3.91836,33.82450,11.65345,0.28815,7.73205
2002-07-29,0.11903,17.05983,2.73430,30.23250,11.31525,0.29591,7.43495
2002-07-30,1.88455,14.96667,2.23390,29.14200,12.14395,0.29610,7.31380
2002-07-31,1.26972,16.78341,3.38569,28.08550,11.80445,0.29685,7.14500
2002-08-01,6.64527,14.79213,0.64037,43.62500,15.56550,0.26149,6.61345
2002-08-02,0.22046,16.25156,3.16725,43.37200,13.27080,0.26836,8.06675
2002-08-03,0.03773,17.26050,3.07985,39.52800,12.54265,0.28065,8.46675
2002-08-04,0.00056,16.97943,3.88214,35.53550,12.08040,0.29153,8.46795
2002-08-05,0.43227,15.91397,2.83464,32.18450,11.99920,0.29903,8.34765
2002-08-06,0.00936,18.27135,2.92525,29.17800,11.53040,0.30542,7.89325
2002-08-07,0.00000,17.09266,2.87995,26.57050,11.23245,0.31049,7.67360
2002-08-08,0.00013,17.16932,3.71741,24.31800,10.92225,0.31482,7.43165
2002-08-09,0.09955,18.52668,3.98203,22.37450,10.69810,0.31836,7.09425
2002-08-10,0.16873,18.28446,2.62945,20.69250,10.52560,0.32152,6.86300
2002-08-11,0.00182,19.04738,3.32531,19.19550,10.25105,0.32427,6.59580
2002-08-12,0.15346,17.27714,1.76522,17.87050,10.18890,0.32724,6.55225
2002-08-13,0.00001,15.75387,2.60672,16.67280,9.99125,0.32944,6.59380
2002-08-14,0.00000,20.46811,4.10025,15.58235,10.10250,0.33116,6.13045
2002-08-15,0.03860,22.30524,4.45745,14.58785,9.78640,0.33288,5.72355
2002-08-16,0.79070,17.54084,2.20136,13.92105,10.12500,0.33313,5.86745
2002-08-17,8.44641,15.88010,1.00354,25.88905,14.82950,0.27699,5.92225
2002-08-18,24.06087,15.80322,0.67958,123.87400,27.87950,0.18217,5.71505
2002-08-19,0.74481,15.65761,1.02136,107.21300,23.21050,0.21000,8.33125
2002-08-20,0.42858,15.60887,2.50964,87.46200,21.46500,0.23195,9.33485
2002-08-21,0.18004,13.15737,2.45693,71.13150,19.90850,0.24594,9.72075
2002-08-22,1.48887,16.67969,1.80178,61.17650,19.29450,0.25267,9.16895
2002-08-23,0.67746,16.14236,3.17805,52.02600,17.81850,0.25941,8.95915
2002-08-24,0.16964,14.14013,3.03552,44.33250,16.60750,0.26545,8.88510
2002-08-25,0.03802,13.83149,2.65179,38.18700,15.57850,0.27087,8.68685
2002-08-26,0.19470,14.63764,1.96521,33.32850,14.99950,0.27586,8.33320
2002-08-27,0.29558,16.41799,2.16155,29.46900,14.47700,0.28059,7.86035
2002-08-28,0.00419,17.07434,2.97170,26.25700,13.91185,0.28518,7.46150
2002-08-29,0.00000,18.04005,3.34458,23.57150,13.46340,0.29021,7.09070
2002-08-30,0.01471,15.81858,1.98993,21.30300,13.12910,0.29475,7.01895
2002-08-31,0.00102,15.07429,2.80849,19.36600,12.84340,0.29910,6.96900
2002-09-01,0.00241,15.82759,2.42307,17.69450,12.58990,0.30306,6.79865
2002-09-02,7.24956,14.99566,0.82178,26.87400,16.06650,0.26499,6.59980
2002-09-03,7.36331,13.85927,2.76975,45.10500,17.53450,0.23479,6.95095
2002-09-04,8.86843,12.97914,2.22644,68.89400,20.66700,0.21639,7.38860
2002-09-05,0.02773,14.03152,2.09907,60.42800,17.28000,0.23467,8.42530
2002-09-06,1.40470,14.40043,1.14988,52.98250,17.09950,0.24887,8.64930
2002-09-07,2.45224,14.63005,1.60029,50.74350,17.58200,0.25234,8.35310
2002-09-08,1.41665,15.29683,2.20663,46.35150,16.97200,0.25835,8.63885
2002-09-09,0.00186,14.39481,2.08883,40.37600,15.74600,0.26694,8.87945
2002-09-10,0.00942,14.08244,2.23215,35.10950,14.99750,0.27506,8.78385
2002-09-11,0.17055,15.06908,1.94083,30.78350,14.58750,0.28200,8.41320
2002-09-12,0.00464,12.63258,1.71882,27.20900,14.02565,0.28775,8.32445
2002-09-13,0.01998,13.36758,1.72036,24.24300,13.73265,0.29303,8.05945
2002-09-14,0.00382,14.36144,2.35839,21.76100,13.41315,0.29774,7.71135
2002-09-15,0.15779,16.12983,2.15302,19.67800,13.28125,0.30244,7.28715
2002-09-16,0.49629,14.99567,2.14610,18.01600,13.26015,0.30631,7.12580
2002-09-17,2.67855,13.11545,0.13073,19.30700,14.42270,0.29653,6.94020
2002-09-18,0.06968,12.75226,1.30571,19.19650,12.97360,0.29610,7.48395
2002-09-19,0.14153,12.02464,1.77045,18.27450,12.63540,0.30218,7.72020
2002-09-20,0.86073,10.92477,1.30584,17.35210,12.91300,0.30768,7.77020
2002-09-21,0.39199,11.28472,1.61379,16.20915,12.66735,0.31309,7.64155
2002-09-22,0.87900,14.08940,1.18063,15.29680,12.91860,0.31674,7.24675
2002-09-23,2.97093,12.33304,0.59049,17.10115,14.18250,0.30474,6.96385
2002-09-24,0.66488,13.26215,0.65130,17.46340,13.16605,0.30365,7.30420
2002-09-25,0.28623,13.22255,0.84274,16.71620,12.63500,0.30960,7.41085
2002-09-26,0.68135,14.00562,1.00793,15.71550,12.74895,0.31609,7.28320
2002-09-27,1.18311,12.79679,0.42279,15.09705,13.15370,0.31923,7.15245
2002-09-28,0.85247,12.31826,0.42014,14.37930,13.15320,0.32216,7.16400
2002-09-29,3.24157,14.20973,0.48553,16.10870,14.64050,0.31085,6.84975
2002-09-30,2.93314,15.62446,0.95588,18.95740,14.98250,0.29808,6.70290
2002-10-01,5.19120,12.32502,0.10981,26.56395,16.65550,0.27646,6.99030
2002-10-02,1.52511,11.19998,1.06544,27.41630,15.18650,0.28080,7.54070
2002-10-03,16.72594,10.33725,0.60787,74.49350,25.82650,0.21247,7.35490
2002-10-04,2.07119,10.43374,0.65526,69.86050,22.22000,0.23010,8.42765
2002-10-05,1.66968,10.59247,1.44745,60.57850,21.16900,0.24807,8.97565
2002-10-06,5.30236,13.56658,1.75436,62.66200,23.13850,0.24638,8.69340
2002-10-07,4.58818,12.57200,0.50000,65.53650,23.69000,0.24149,8.46895
2002-10-08,0.52090,10.46122,0.54889,55.78350,21.24200,0.25231,9.33585
2002-10-09,0.03805,9.31643,0.80956,46.53600,20.14800,0.26362,9.66030
2002-10-10,0.42199,13.03801,0.44833,39.30000,19.25550,0.27306,9.18180
2002-10-11,2.58985,13.60717,0.13848,38.74200,19.89300,0.26882,8.34600
2002-10-12,0.18459,12.39604,1.02175,35.00000,18.33200,0.27323,8.84855
2002-10-13,0.02332,11.94150,0.91227,30.94050,17.61950,0.28064,8.96945
2002-10-14,0.19579,9.31946,0.39108,27.35050,17.13100,0.28762,9.06050
2002-10-15,0.03193,9.19880,0.68531,24.26850,16.68900,0.29402,8.89905
2002-10-16,0.03237,9.23917,0.80978,21.65350,16.33550,0.29974,8.65075
2002-10-17,0.32935,8.51055,0.41458,19.49900,16.21950,0.30498,8.46310
2002-10-18,0.07866,6.43137,0.35883,17.61800,15.88650,0.30965,8.38340
2002-10-19,0.00000,7.47096,0.38671,15.96900,15.68100,0.31413,8.20265
2002-10-20,0.24056,5.67249,0.40974,14.55250,15.59450,0.31814,8.12605
2002-10-21,0.57233,8.69014,0.43876,13.41840,15.64150,0.32122,7.79860
2002-10-22,0.82100,11.69209,0.43905,12.56925,15.77050,0.32246,7.33975
2002-10-23,5.66299,13.77106,0.68948,17.50035,18.13050,0.29191,6.77905
2002-10-24,3.19277,12.10917,0.20010,23.18085,17.26900,0.27594,6.99975
2002-10-25,2.47316,13.18333,0.42350,25.87710,16.69750,0.27743,7.17925
2002-10-26,1.91195,9.70843,0.53821,26.36495,16.30950,0.28467,7.61825
2002-10-27,0.15725,7.60052,0.86987,24.01160,15.18500,0.29781,8.16990
2002-10-28,0.01196,5.70292,0.48982,21.25215,14.72700,0.31076,8.45455
2002-10-29,3.41700,6.93410,0.13063,22.44765,16.71700,0.30551,8.23445
2002-10-30,6.70789,10.23925,0.12547,33.04520,19.46000,0.27425,7.84150
2002-10-31,17.55563,10.82376,0.23715,89.42200,29.81650,0.20506,7.45635
2002-11-01,5.41771,9.13289,0.15371,94.85200,28.18400,0.21261,8.30155
2002-11-02,0.28330,10.47509,0.28866,77.19400,24.78100,0.23270,9.27600
2002-11-03,0.42771,12.46875,0.62660,62.51200,22.65550,0.24937,9.31215
2002-11-04,5.11164,11.99950,0.20003,62.98650,24.43450,0.24466,8.93035
2002-11-05,5.98656,11.38932,0.44058,68.79050,25.61800,0.23352,8.78545
2002-11-06,15.40176,9.79607,0.08946,130.68850,34.21600,0.18975,7.25385
2002-11-07,0.01680,7.56700,0.30507,108.91750,28.69850,0.20228,9.70925
2002-11-08,0.00170,5.14832,0.01166,88.82600,25.82800,0.21372,11.08600
2002-11-09,0.19413,2.76092,0.17990,73.55600,23.66750,0.22290,11.61750
2002-11-10,0.43117,4.38982,0.15117,62.26400,21.72400,0.23091,11.38745
2002-11-11,0.87026,7.77849,0.29907,54.18850,20.43100,0.23720,10.76020
2002-11-12,0.31359,7.09668,0.44589,47.38600,19.05850,0.24415,10.32135
2002-11-13,0.02596,5.18141,0.32651,41.77750,17.83100,0.25096,10.11200
2002-11-14,0.00454,4.72812,0.21350,37.19350,16.80600,0.25752,9.90350
2002-11-15,0.04738,5.20083,0.20746,33.41600,16.02910,0.26373,9.60565
2002-11-16,4.03202,12.06102,0.20876,36.76750,17.51600,0.25378,8.69030
2002-11-17,4.12079,11.66387,0.52327,45.24350,18.01250,0.24075,8.11480
2002-11-18,0.16041,8.02176,0.61571,43.10200,15.95250,0.24993,9.04905
2002-11-19,0.00006,5.79630,0.21432,39.04850,14.97855,0.26055,9.50630
2002-11-20,0.00001,3.36050,0.02255,35.10400,14.28660,0.27024,9.67615
2002-11-21,3.78529,7.37328,0.03498,41.32800,16.20800,0.25689,8.58065
2002-11-22,0.12101,8.81534,0.37263,40.02300,14.56190,0.26270,9.28405
2002-11-23,1.17612,12.40020,0.53432,38.18500,14.50490,0.26874,9.16855
2002-11-24,0.05387,9.34198,0.24512,35.09300,13.56560,0.27600,9.27090
2002-11-25,0.00001,8.68594,0.29407,32.03000,12.93265,0.28323,9.19970
2002-11-26,0.14682,9.86849,0.22574,29.29300,12.53810,0.28912,8.90425
2002-11-27,0.03848,7.06105,0.00754,26.86900,12.05020,0.29441,8.85885
2002-11-28,0.04060,6.74492,0.05563,24.72900,11.73505,0.29930,8.77655
2002-11-29,0.10096,7.41222,0.01479,22.84500,11.22035,0.30330,8.56295
2002-11-30,6.68834,5.87213,0.00000,32.58100,15.18600,0.27042,8.26790
2002-12-01,2.95805,8.26112,0.16017,38.15700,14.57750,0.26305,8.30470
2002-12-02,2.27727,7.84403,0.14134,40.10950,14.44250,0.26592,8.42350
2002-12-03,0.35121,5.14944,0.11776,36.88350,13.36335,0.27729,9.03960
2002-12-04,0.45366,4.10677,0.16657,33.15700,12.95515,0.28763,9.25140
2002-12-05,5.58121,7.84219,0.30595,44.41700,16.48700,0.26319,8.00670
2002-12-06,0.06708,6.67603,0.00000,42.80250,14.52450,0.26927,9.17075
2002-12-07,0.67349,3.70971,0.06338,39.19450,14.24500,0.27870,9.83205
2002-12-08,0.78820,4.82460,0.05088,35.70650,13.91500,0.28609,9.89390
2002-12-09,0.21880,4.55180,0.09268,32.16700,13.33900,0.29316,9.72275
2002-12-10,0.47603,2.12616,0.02767,29.16500,13.02155,0.29873,9.66360
2002-12-11,0.63079,1.10670,0.15968,26.70850,12.69865,0.30279,9.54875
2002-12-12,0.56338,2.87081,0.37895,24.57500,12.53455,0.30627,9.25785
2002-12-13,0.05639,2.70886,0.50617,22.49800,12.02535,0.31031,9.04755
2002-12-14,1.56647,1.05442,0.19923,22.01950,12.67230,0.30880,8.81720
2002-12-15,0.92786,1.29310,0.03437,21.29700,12.15320,0.30943,8.89635
2002-12-16,4.13034,3.97410,0.15523,27.40000,14.29500,0.28834,8.12460
2002-12-17,0.32920,4.91456,0.03956,28.09500,12.71885,0.28998,8.88145
2002-12-18,0.06294,2.10592,0.03185,26.47450,12.05875,0.29941,9.40000
2002-12-19,0.21636,-0.69335,0.00984,24.35400,11.72395,0.30829,9.59935
2002-12-20,1.96704,2.12550,0.00534,24.97950,12.81535,0.30556,9.18945
2002-12-21,1.09781,4.65464,0.07485,24.71300,12.68410,0.30668,9.20555
2002-12-22,0.18084,2.74301,0.06771,23.24550,12.04115,0.31229,9.29515
2002-12-23,0.05117,0.95630,0.04026,21.44300,11.63315,0.31850,9.34820
2002-12-24,0.01698,-0.24749,0.01064,19.66700,11.36865,0.32449,9.28745
2002-12-25,0.00933,-1.75875,0.00000,18.02750,11.15140,0.32909,9.18790
2002-12-26,0.04839,0.42928,0.03999,16.55100,10.99480,0.33290,8.97875
2002-12-27,2.18108,3.91217,0.00000,17.35200,12.27060,0.32450,8.29690
2002-12-28,0.12719,2.92406,0.10776,17.17000,11.47485,0.32363,8.56910
2002-12-29,0.35745,7.11104,0.44828,16.49575,11.17630,0.32708,8.39920
2002-12-30,0.00034,6.51337,0.67003,15.48850,10.81400,0.33197,8.26010
2002-12-31,0.00000,6.81221,0.55916,14.38640,10.62795,0.33676,8.08765
2003-01-01,9.32131,2.09832,0.05472,36.52150,16.73250,0.26481,6.63830
2003-01-02,0.02445,-2.68540,0.01195,39.97900,14.02900,0.27058,9.06585
2003-01-03,0.00232,-3.42902,0.00000,37.25750,13.47300,0.28672,10.21905
2003-01-04,0.00517,-3.77721,0.00013,33.70450,13.02560,0.30140,10.58400
2003-01-05,0.07979,-2.39384,0.00000,30.36700,12.75505,0.31226,10.56575
2003-01-06,0.00094,-2.83916,0.00045,27.41250,12.49125,0.32085,10.34025
2003-01-07,0.70831,-2.69520,0.02200,24.82050,12.21835,0.32724,10.07070
2003-01-08,0.01523,-1.19068,0.00000,22.55050,11.95325,0.33201,9.81265
2003-01-09,0.14442,0.27904,0.02196,20.70750,11.69830,0.33502,9.53735
2003-01-10,0.18116,4.81391,0.35672,20.14900,11.44360,0.33076,8.98840
2003-01-11,1.26631,2.54261,0.02630,21.01950,11.96695,0.32040,8.56915
2003-01-12,0.13600,1.33581,0.14982,20.42000,11.33010,0.32123,8.64625
2003-01-13,0.14378,5.87992,0.34114,19.24650,12.23785,0.32599,8.31615
2003-01-14,1.50607,3.89255,0.12118,20.28300,12.01010,0.31846,7.86440
2003-01-15,0.95513,-0.05817,0.82982,20.36450,11.62155,0.31702,8.29110
2003-01-16,2.42148,-3.09830,0.07489,19.13300,11.12750,0.32329,8.45900
2003-01-17,1.23227,-4.37529,0.00731,17.50100,10.91985,0.33141,8.51605
2003-01-18,0.06422,-5.20880,0.00000,15.84265,10.71005,0.33854,8.43705
2003-01-19,12.50396,2.06467,0.11354,66.23400,21.20950,0.21997,6.51450
2003-01-20,0.00000,2.81868,0.22554,62.81550,18.18250,0.24208,7.80610
2003-01-21,6.55024,1.23581,0.02565,85.53850,23.72800,0.22842,6.73920
2003-01-22,0.95935,2.24108,0.13763,77.60850,21.93600,0.24528,8.62610
2003-01-23,2.35326,6.13632,0.03910,71.79550,21.77850,0.25195,9.13980
2003-01-24,0.36874,11.08934,0.49994,61.04500,19.56450,0.26272,9.38785
2003-01-25,0.97221,7.94791,0.88867,52.56750,18.08100,0.27015,9.66280
2003-01-26,1.23143,5.89202,0.77264,46.51050,17.16800,0.27473,9.78250
2003-01-27,0.00541,5.92656,1.03734,40.47250,15.62500,0.28109,9.73300
2003-01-28,0.02820,6.82033,0.60978,35.37100,14.66450,0.28768,9.46520
2003-01-29,6.11074,5.49915,0.58167,44.00850,17.22700,0.26299,8.91615
2003-01-30,2.10422,5.13356,0.60919,46.10550,16.28650,0.26077,9.07350
2003-01-31,1.29981,8.42092,0.41766,43.57150,15.83950,0.26765,9.25630
2003-02-01,0.01922,4.89210,1.13263,38.83950,14.61750,0.27731,9.60590
2003-02-02,4.92917,5.80380,0.64561,45.37750,17.34850,0.26292,9.07415
2003-02-03,0.48998,4.18658,1.18826,42.42200,15.54000,0.26959,9.57630
2003-02-04,2.71967,5.82265,0.98129,42.76750,16.33600,0.26964,9.40785
2003-02-05,7.45891,2.04816,0.09063,69.23950,20.91300,0.23509,7.97410
2003-02-06,0.43195,2.30160,0.37976,65.29350,18.71000,0.24622,9.86575
2003-02-07,0.90599,2.78394,0.47928,58.90050,18.00150,0.25745,10.71790
2003-02-08,0.02425,3.00871,0.42585,52.17500,16.86400,0.26705,10.85295
2003-02-09,1.60909,3.06056,0.14890,49.25800,16.97650,0.27041,10.54995
2003-02-10,0.45892,5.07011,0.01773,44.90700,15.92050,0.27653,10.32445
2003-02-11,0.00000,3.17030,0.23125,40.61900,14.94050,0.28284,10.23110
2003-02-12,0.00372,2.65784,0.30168,36.86450,14.00900,0.28815,10.07080
2003-02-13,0.00348,1.88882,0.34257,33.64450,13.46780,0.29345,9.89640
2003-02-14,0.06752,3.16748,0.30457,30.88150,12.86015,0.29777,9.64170
2003-02-15,1.13147,4.15090,0.38755,29.37450,12.98480,0.29919,9.31415
2003-02-16,8.75129,6.10645,0.84347,57.84800,18.64900,0.24490,7.39090
2003-02-17,1.92817,2.93914,0.27551,62.93800,17.44800,0.25000,9.18615
2003-02-18,0.14531,2.90752,0.72754,57.83500,16.18650,0.26335,10.24725
2003-02-19,1.53072,1.07808,0.32072,54.72850,16.32450,0.27049,10.58925
2003-02-20,1.49651,6.99488,0.66619,52.06100,16.12200,0.27338,10.21055
2003-02-21,0.93993,3.48992,0.77676,48.14500,15.42700,0.27820,10.28710
2003-02-22,0.70442,2.07210,1.01623,44.13750,14.68800,0.28290,10.26905
2003-02-23,0.14016,1.84787,0.49790,40.13450,13.77595,0.28765,10.12240
2003-02-24,0.03413,1.69040,0.47428,36.58600,13.10700,0.29149,9.93095
2003-02-25,0.04321,1.85563,0.48784,33.52600,12.50020,0.29535,9.70990
2003-02-26,0.36558,3.42815,0.68089,31.00700,12.24785,0.29809,9.41125
2003-02-27,0.09008,0.12906,0.34471,28.72800,11.66540,0.30100,9.38620
2003-02-28,0.05512,-0.07663,0.50215,26.68600,11.14435,0.30326,9.31030
2003-03-01,0.00062,-0.07605,0.50109,24.85450,10.74780,0.30641,9.17720
2003-03-02,3.10659,4.32108,0.56390,27.99100,12.36600,0.29299,8.49510
2003-03-03,0.25522,5.64608,1.85471,27.99650,11.09930,0.29326,8.68855
2003-03-04,3.07628,3.89044,0.48163,33.08200,12.61700,0.28186,8.35040
2003-03-05,2.03168,5.28382,0.91101,36.65500,12.72180,0.27821,8.84750
2003-03-06,4.01991,7.68264,0.98569,47.90900,14.99000,0.26202,8.33065
2003-03-07,0.05698,7.41097,1.07908,46.55900,13.43550,0.26985,9.45200
2003-03-08,0.38399,9.60034,1.25130,43.13200,13.02065,0.27833,9.66170
2003-03-09,0.45717,7.38448,1.92144,39.69550,12.66075,0.28514,9.71195
2003-03-10,0.20298,6.31826,1.45344,36.40900,12.13990,0.29044,9.65975
2003-03-11,0.00000,7.19086,1.19970,33.42800,11.59830,0.29477,9.41475
2003-03-12,0.00142,5.18530,0.79853,30.79650,11.12370,0.29822,9.33150
2003-03-13,0.00986,5.32103,0.91460,28.47600,10.72390,0.30133,9.16085
2003-03-14,0.00000,5.25317,0.85656,26.42200,10.64115,0.30388,8.97360
2003-03-15,0.00046,6.30086,1.27356,24.59100,10.13965,0.30641,8.71850
2003-03-16,0.00015,6.84288,1.31106,22.94200,9.79380,0.30965,8.47880
2003-03-17,0.00000,8.50036,1.52375,21.45100,9.45055,0.31214,8.17770
2003-03-18,0.00002,10.68315,1.79299,20.08650,9.16280,0.31461,7.81385
2003-03-19,0.00024,11.23299,1.94334,18.83350,8.92430,0.31678,7.53905
2003-03-20,0.00462,12.03175,2.31424,17.67600,8.70240,0.31935,7.32845
2003-03-21,0.07807,10.29882,1.43879,16.60700,8.48970,0.32148,7.30450
2003-03-22,1.74123,10.30730,1.48294,16.97600,11.89905,0.31859,7.14520
2003-03-23,0.37161,9.82492,1.41066,16.75215,9.53770,0.31669,7.33055
2003-03-24,4.40441,9.21041,0.93551,21.39850,11.68190,0.29643,7.28035
2003-03-25,3.01117,9.69573,0.45886,26.18900,11.79120,0.28504,7.36380
2003-03-26,2.44047,9.42571,0.39440,29.10000,11.90240,0.28382,7.52235
2003-03-27,0.00001,9.84411,2.30657,27.37100,10.53515,0.29400,7.80420
2003-03-28,3.68099,7.14140,0.18712,30.92500,12.89895,0.28788,7.82090
2003-03-29,0.24057,8.15174,1.88642,29.27500,11.60745,0.29545,8.16645
2003-03-30,0.00036,8.62354,2.08185,26.46650,11.08975,0.30512,8.23285
2003-03-31,3.39189,7.59467,0.85004,28.23550,13.18350,0.29842,8.06090
2003-04-01,4.94622,6.87042,0.81268,35.30550,15.34750,0.27941,7.99505
2003-04-02,3.88275,6.94100,1.50538,40.92950,16.17000,0.27081,8.02475
2003-04-03,0.00004,6.13709,2.37366,37.18500,14.22645,0.28080,8.41870
2003-04-04,4.30439,5.32425,1.56011,42.30950,17.17050,0.27129,8.05550
2003-04-05,0.03547,8.50168,2.51819,38.71850,15.35550,0.27918,8.41690
2003-04-06,0.04671,8.35005,1.95977,34.15950,14.68100,0.28929,8.52140
2003-04-07,0.71811,9.54050,1.32066,30.45900,14.63950,0.29675,8.35505
2003-04-08,0.40072,8.65117,2.42176,27.15000,14.11000,0.30305,8.21485
2003-04-09,0.00907,11.18538,3.05429,24.19100,13.97150,0.30866,7.84025
2003-04-10,6.02536,9.67065,0.50832,35.13550,17.44900,0.27268,6.72665
2003-04-11,0.11107,7.79045,0.84690,35.71450,15.38000,0.27464,7.88605
2003-04-12,0.18804,10.65400,2.77960,32.98700,14.75850,0.28421,8.15875
2003-04-13,1.33664,9.10579,0.95642,31.25550,15.08300,0.28952,8.22640
2003-04-14,0.04669,10.36181,2.57295,28.53150,14.28250,0.29617,8.16530
2003-04-15,0.00070,11.69899,2.76267,25.82750,13.84650,0.30276,7.92450
2003-04-16,0.24572,13.36971,1.78975,23.43500,13.59200,0.30814,7.59670
2003-04-17,0.04946,12.07080,1.65348,21.30050,13.17705,0.31314,7.47320
2003-04-18,0.00000,12.77311,3.13971,19.41800,12.80915,0.31741,7.27290
2003-04-19,0.00097,11.92937,2.92276,17.75950,12.48740,0.32122,7.19265
2003-04-20,0.09695,10.89158,2.33066,16.29750,12.27635,0.32462,7.15700
2003-04-21,0.09144,8.79120,2.46974,15.00000,12.12000,0.32754,7.24195
2003-04-22,0.27777,6.76914,1.42012,13.87205,12.04010,0.32987,7.33830
2003-04-23,0.00000,5.64545,2.81994,12.83245,11.74615,0.33205,7.44465
2003-04-24,0.00034,6.12914,2.70689,11.87800,11.62025,0.33434,7.40315
2003-04-25,0.00015,8.68152,2.59369,11.00230,11.48055,0.33624,7.15785
2003-04-26,1.62115,10.18259,2.65482,10.90995,16.49185,0.33702,6.84215
2003-04-27,5.97899,9.68977,1.65678,16.91520,16.75900,0.29466,6.48040
2003-04-28,3.36013,8.13484,0.84824,23.77160,15.54350,0.27563,6.61365
2003-04-29,0.97297,7.61231,1.39757,24.05655,13.96505,0.28593,7.03065
2003-04-30,2.70418,10.44582,1.29958,25.12325,14.82200,0.29077,6.88415
2003-05-01,7.66488,10.47543,1.81756,38.50475,19.18300,0.26284,6.63020
2003-05-02,10.00539,9.06627,0.68383,63.47400,24.31000,0.23218,6.63150
2003-05-03,2.35818,9.40452,1.30883,60.32200,21.49400,0.24658,6.97055
2003-05-04,4.06592,8.49486,0.81486,60.04550,23.11200,0.25346,7.17545
2003-05-05,2.30263,9.10379,1.58071,55.35650,22.69450,0.26062,7.32110
2003-05-06,1.26033,10.49972,2.20986,48.33000,21.76850,0.26972,7.51055
2003-05-07,6.82839,12.18017,2.05941,58.56750,25.32300,0.24934,7.02320
2003-05-08,0.52850,14.89191,3.95581,51.69150,22.55400,0.25699,7.19740
2003-05-09,1.37357,12.92970,4.39813,45.75250,21.21400,0.26432,7.33645
2003-05-10,11.68710,8.32372,0.64593,84.70950,28.47650,0.21363,5.99755
2003-05-11,3.19121,12.08185,2.83614,87.98850,28.25300,0.21492,6.92705
2003-05-12,0.06596,10.06707,1.74633,75.49850,25.41300,0.22578,8.08460
2003-05-13,0.01724,12.94771,3.53627,64.42250,23.46500,0.23433,8.38180
2003-05-14,0.00237,13.65547,3.38752,55.56750,21.85450,0.24127,8.38535
2003-05-15,0.00914,14.44023,3.59397,48.54650,20.41300,0.24702,8.27000
2003-05-16,0.00105,16.40198,5.04804,42.93050,19.06600,0.25238,7.97130
2003-05-17,0.06090,17.44102,4.96774,38.37750,18.03050,0.25787,7.70290
2003-05-18,0.00281,15.32837,4.14747,34.61400,17.03950,0.26308,7.70835
2003-05-19,0.00014,16.02607,4.25186,31.45700,16.12850,0.26811,7.58035
2003-05-20,0.00000,17.01069,4.80286,28.76650,15.33775,0.27309,7.36495
2003-05-21,0.00000,15.77956,4.62766,26.43850,14.53570,0.27754,7.33525
2003-05-22,0.01473,14.26137,3.35242,24.39850,13.73750,0.28223,7.35765
2003-05-23,0.21404,16.21674,4.94619,22.62700,13.47545,0.28679,7.14765
2003-05-24,0.01929,12.43309,4.00512,21.01800,12.83655,0.29162,7.29690
2003-05-25,0.49674,10.10498,2.26176,19.70000,12.72550,0.29547,7.47435
2003-05-26,0.00000,11.26904,3.13344,18.40750,12.10405,0.30007,7.38730
2003-05-27,0.62655,10.79012,1.10054,17.38350,12.05345,0.30371,7.34640
2003-05-28,1.56877,12.39234,2.04123,17.36050,12.49065,0.30213,7.07400
2003-05-29,2.49382,12.18346,1.80989,19.32900,13.16785,0.29288,6.91630
2003-05-30,2.64978,13.35395,2.75539,23.79100,13.48130,0.28083,6.69435
2003-05-31,0.03703,12.49210,2.98960,24.19650,12.01065,0.28617,7.40480
2003-06-01,0.25509,15.64426,3.54505,23.01050,11.60620,0.29592,7.42995
2003-06-02,0.00234,15.72647,4.61783,21.35850,11.21800,0.30485,7.31900
2003-06-03,0.02824,15.65346,3.33169,19.67000,10.97350,0.31237,7.19925
2003-06-04,0.15394,16.52186,2.53811,18.10150,10.87435,0.31814,6.97040
2003-06-05,0.09643,15.23429,2.53881,16.66000,10.70775,0.32265,6.92010
2003-06-06,0.05860,15.78179,3.16321,15.34650,10.40260,0.32628,6.78930
2003-06-07,1.30847,17.20773,5.01762,14.90845,12.02560,0.32583,6.48510
2003-06-08,0.12509,14.56483,4.19812,14.16110,10.89155,0.32630,6.65430
2003-06-09,2.45207,12.55787,2.56272,15.22785,12.12320,0.31779,6.71110
2003-06-10,0.05504,13.44981,3.79221,15.13090,10.91305,0.31726,6.90065
2003-06-11,4.56271,12.85089,1.64954,19.64745,13.60355,0.29728,6.86925
2003-06-12,3.08309,11.51694,1.95533,24.18035,13.83150,0.28618,7.09460
2003-06-13,1.22223,12.80677,3.30344,24.48210,13.01000,0.29225,7.29765
2003-06-14,2.82095,11.92447,2.49927,26.01135,14.05500,0.29313,7.38625
2003-06-15,1.32568,12.44380,3.22957,25.28815,13.67200,0.29938,7.49590
2003-06-16,9.10468,11.86973,1.18100,42.52050,19.57350,0.25851,7.33190
2003-06-17,6.86506,11.14303,1.10077,58.33600,22.07600,0.24067,7.54660
2003-06-18,0.05943,12.06496,2.96567,51.13400,19.23550,0.25867,8.22560
2003-06-19,1.28698,13.96140,3.07471,44.82050,18.78350,0.27321,8.21890
2003-06-20,1.27200,14.53131,3.39880,39.55200,18.30000,0.28284,8.06890
2003-06-21,2.20184,14.87632,3.47296,37.97750,18.82400,0.28282,7.71680
2003-06-22,0.01572,14.43205,3.91010,33.66900,17.41400,0.28946,8.03645
2003-06-23,0.96999,14.07261,1.63128,30.06250,17.39000,0.29515,8.10600
2003-06-24,1.10591,15.78881,4.71260,27.25800,17.19700,0.29905,7.81795
2003-06-25,0.00800,14.95290,4.56942,24.20950,16.35150,0.30439,7.66780
2003-06-26,0.17790,13.35398,2.99349,21.46450,16.01800,0.31029,7.64625
2003-06-27,5.17119,14.53174,2.85542,25.97250,18.65250,0.28801,7.29030
2003-06-28,4.68555,13.08697,1.75682,33.62050,19.56900,0.26782,7.38990
2003-06-29,3.23003,13.16648,2.86026,37.17000,19.39350,0.26526,7.64335
2003-06-30,4.92676,12.85685,1.69224,43.34750,21.26300,0.25803,7.82685
2003-07-01,3.55281,12.54969,1.57751,45.46400,21.28950,0.25783,8.03080
2003-07-02,4.06308,12.56937,1.38309,47.95350,22.18350,0.25589,8.17550
2003-07-03,2.32198,13.05643,1.13308,46.40300,21.41550,0.25965,8.22070
2003-07-04,0.95097,14.75772,2.09818,40.97450,20.25400,0.26930,8.44060
2003-07-05,0.00018,14.96119,3.87696,35.12800,19.06350,0.28004,8.34855
2003-07-06,0.00823,14.36458,3.46570,30.17250,18.41000,0.28948,8.18580
2003-07-07,8.49610,13.88486,0.73217,44.91100,23.46700,0.25218,7.70405
2003-07-08,0.44745,14.05905,3.31189,42.53350,20.41400,0.25801,8.18895
2003-07-09,1.03393,14.07776,1.23108,38.00950,19.69150,0.26920,8.32590
2003-07-10,1.82370,16.42525,2.09621,35.35300,19.73100,0.27536,7.91305
2003-07-11,0.68634,16.56557,2.84152,31.51550,18.84800,0.28377,7.82585
2003-07-12,3.59266,14.83148,1.69928,32.80550,20.23350,0.27829,7.72900
2003-07-13,3.64299,14.82450,2.28448,38.27200,20.93900,0.26680,7.49215
2003-07-14,0.06981,15.56699,2.36697,35.72550,18.97250,0.27450,8.32915
2003-07-15,0.00000,17.04293,3.99568,31.79200,18.10900,0.28547,8.40320
2003-07-16,0.00085,19.40562,4.64955,28.07900,17.48650,0.29574,7.99225
2003-07-17,0.00000,22.07120,4.76471,24.86200,17.04550,0.30449,7.34410
2003-07-18,0.00001,23.94706,5.36458,22.12700,16.78500,0.31175,6.74610
2003-07-19,0.00000,22.37108,5.29999,19.80200,16.29350,0.31826,6.55210
2003-07-20,0.00000,21.96324,4.46244,17.81050,15.97450,0.32381,6.43105
2003-07-21,0.01400,23.16762,5.15989,16.09100,15.64750,0.32910,6.14870
2003-07-22,1.85120,19.26275,2.34905,16.14350,16.52500,0.32599,6.23120
2003-07-23,0.03359,16.64715,2.41871,15.58230,15.44265,0.32691,6.87135
2003-07-24,0.00058,17.82834,4.06466,14.71195,14.96780,0.33121,6.96680
2003-07-25,0.00062,20.69913,4.79590,13.68015,14.68395,0.33699,6.59700
2003-07-26,0.05121,21.84210,6.20897,12.62020,14.62305,0.34212,6.22845
2003-07-27,0.19678,17.61125,4.62025,11.61750,14.51705,0.34643,6.34250
2003-07-28,2.40759,15.16387,3.62662,12.13965,15.83900,0.33932,6.47445
2003-07-29,0.05163,15.17287,4.09265,11.94775,14.68390,0.33770,6.75975
2003-07-30,5.83486,14.65822,1.79184,18.34735,17.83000,0.30507,6.71360
2003-07-31,0.33108,14.83767,4.30046,19.98220,15.40880,0.30413,7.32490
2003-08-01,0.02952,14.93907,4.11199,18.81755,14.46090,0.31728,7.49640
2003-08-02,19.58797,15.58927,1.15565,74.14250,28.72950,0.21933,6.90545
2003-08-03,4.15867,16.48353,2.23770,77.97000,26.74800,0.23637,7.86555
2003-08-04,3.91186,15.75690,2.41438,75.06500,27.36000,0.25177,8.55315
2003-08-05,0.00000,15.68688,4.08038,61.61600,24.39000,0.27386,9.08055
2003-08-06,29.37332,14.46312,2.17284,174.52350,46.82350,0.19391,7.88760
2003-08-07,0.00000,15.07500,3.12661,135.94000,36.67950,0.21165,9.37360
2003-08-08,4.81063,13.98755,1.61002,119.50450,35.48700,0.21639,9.74730
2003-08-09,4.01099,13.50757,2.30903,106.48050,33.24700,0.21846,9.90300
2003-08-10,3.21547,13.29516,2.34266,96.67850,31.11450,0.21897,9.97145
2003-08-11,0.12790,14.47384,3.25979,79.19750,27.59600,0.22756,10.57785
2003-08-12,0.01642,15.15440,3.79354,65.51200,24.91850,0.23657,10.46470
2003-08-13,0.00424,15.20797,3.25620,55.15800,22.94750,0.24525,10.11945
2003-08-14,2.22966,13.95812,2.05936,51.34450,22.51000,0.24617,9.70190
2003-08-15,0.22597,17.73208,3.38699,45.41100,20.60200,0.25344,9.26755
2003-08-16,2.78343,17.36334,1.81713,46.32950,20.98450,0.25034,8.66980
2003-08-17,0.44458,17.77134,3.60341,42.72500,19.15300,0.25704,8.98935
2003-08-18,0.85002,16.68999,3.31549,39.02100,18.51400,0.26468,9.00025
2003-08-19,0.00205,15.92348,3.14470,35.11100,17.10640,0.27320,8.87910
2003-08-20,0.00646,13.66582,1.85508,31.61900,16.30230,0.28065,8.84730
2003-08-21,1.52407,15.96087,1.98226,30.13550,16.30580,0.28284,8.38425
2003-08-22,2.90166,18.85531,2.33651,31.86700,16.99800,0.27732,7.82385
2003-08-23,7.20224,15.84414,1.12580,49.85500,20.40000,0.24488,7.61355
2003-08-24,0.02719,15.55410,2.37209,48.00000,17.45850,0.25526,8.85720
2003-08-25,0.04747,14.43109,2.94300,43.04400,16.43200,0.26830,9.29975
2003-08-26,0.46090,17.30059,1.37494,38.43050,15.87150,0.27916,8.95085
2003-08-27,0.00135,16.14562,3.21191,34.22300,15.06320,0.28809,8.69525
2003-08-28,0.07426,16.02941,3.11842,30.62100,14.49070,0.29504,8.41680
2003-08-29,0.10465,19.72058,3.40871,27.57000,13.96905,0.30092,7.75710
2003-08-30,0.00267,19.33043,2.14772,24.96300,13.43875,0.30616,7.39695
2003-08-31,9.77356,18.65539,2.30375,43.84500,19.52700,0.25389,7.09500
2003-09-01,24.28833,14.22348,0.56221,155.14800,38.32300,0.17902,6.65345
2003-09-02,0.05192,14.07754,2.82975,129.12450,31.89750,0.20144,9.47605
2003-09-03,0.00002,13.37246,2.80725,103.24200,27.88450,0.21624,10.57465
2003-09-04,0.00769,14.04175,2.61513,83.71250,24.80700,0.22700,10.66760
2003-09-05,0.23379,14.63261,1.39789,69.42050,22.36550,0.23547,10.31745
2003-09-06,0.04466,13.95258,2.21329,58.69500,20.26200,0.24198,9.96925
2003-09-07,0.14640,16.42626,2.33771,50.55500,18.53650,0.24806,9.35180
2003-09-08,0.00059,16.24589,1.75703,44.19300,17.14800,0.25418,8.94305
2003-09-09,0.00091,16.37442,2.41328,39.12850,16.15300,0.25983,8.60390
2003-09-10,0.00000,17.68709,2.77663,35.01500,15.07200,0.26519,8.17685
2003-09-11,0.00058,17.53257,2.55606,31.61300,14.16645,0.27045,7.88830
2003-09-12,0.00000,18.57127,2.72151,28.74900,13.48070,0.27605,7.55150
2003-09-13,0.46125,15.47919,2.21367,26.45950,13.08090,0.28069,7.57815
2003-09-14,17.86469,13.11824,0.92841,78.88050,24.53200,0.20054,7.38015
2003-09-15,5.03006,10.85034,0.80533,89.09550,23.56650,0.20750,8.29260
2003-09-16,1.88376,11.51625,1.32408,80.19650,22.24550,0.22250,9.11540
2003-09-17,0.17399,13.05312,1.44799,66.90050,20.19400,0.23687,9.49200
2003-09-18,1.55535,14.45472,0.40298,58.85250,19.42900,0.24415,9.23585
2003-09-19,1.05258,15.95919,1.59381,51.43350,18.24200,0.25097,8.97625
2003-09-20,9.14296,16.97985,0.93604,69.86300,23.09700,0.22190,8.36610
2003-09-21,3.32324,14.22534,1.02961,70.30300,21.84750,0.22237,8.74185
2003-09-22,7.37457,12.49248,0.16003,91.87550,25.75600,0.20549,8.20680
2003-09-23,0.02061,16.09207,2.34422,80.00450,22.55400,0.21692,9.59815
2003-09-24,0.00146,13.78054,3.18976,68.24550,20.74300,0.22782,10.26505
2003-09-25,0.01039,12.55433,1.87224,58.79000,19.36300,0.23641,10.36315
2003-09-26,0.67831,12.67646,1.41366,51.84200,18.21400,0.24285,10.07740
2003-09-27,0.24941,17.02923,2.23898,45.99450,17.02650,0.24957,9.32645
2003-09-28,0.00001,14.39916,1.74837,41.13550,15.98100,0.25559,9.08740
2003-09-29,0.02553,15.03364,1.94593,37.11750,14.85250,0.26162,8.75895
2003-09-30,0.35511,16.29101,1.45588,33.88300,14.29985,0.26677,8.36365
2003-10-01,0.05036,15.54881,1.37872,31.06050,13.55120,0.27203,8.12965
2003-10-02,4.33731,16.52837,0.19731,38.93200,15.68200,0.25341,7.45730
2003-10-03,0.03210,15.28702,1.54319,38.88000,13.95555,0.25775,8.48295
2003-10-04,0.01689,13.68402,1.22157,36.43400,13.25540,0.26634,8.93565
2003-10-05,0.03911,14.26564,0.79439,33.62800,12.65055,0.27439,8.88175
2003-10-06,0.98674,12.84201,0.33787,31.67000,12.72120,0.27955,8.76425
2003-10-07,0.60540,13.01699,0.22634,29.66000,12.29575,0.28445,8.56790
2003-10-08,0.44358,13.12739,0.40696,27.64850,11.83210,0.28913,8.31830
2003-10-09,0.40019,12.80274,0.52241,25.74500,11.42515,0.29377,8.11715
2003-10-10,10.31669,13.57024,0.33457,47.84350,17.95300,0.24275,7.66850
2003-10-11,8.80380,11.79603,0.94068,74.99650,21.68750,0.21884,7.90220
2003-10-12,4.09249,12.09938,0.16816,83.77400,22.28000,0.22346,8.30005
2003-10-13,0.08619,12.95665,1.19737,72.57250,20.36350,0.23844,9.75940
2003-10-14,0.01693,12.33181,1.49058,61.93950,19.09750,0.25070,10.22800
2003-10-15,0.00236,9.31805,0.70876,53.32950,17.84000,0.25933,10.37765
2003-10-16,0.25067,8.41237,0.34027,46.58150,16.72600,0.26639,10.28770
2003-10-17,0.14264,10.52814,0.48386,41.15700,15.61550,0.27195,9.84210
2003-10-18,0.27266,10.15807,0.26597,36.81950,14.94000,0.27631,9.47010
2003-10-19,0.00000,10.34310,0.37491,33.19150,13.99750,0.28049,9.12510
2003-10-20,1.17766,9.95692,0.27514,31.16650,14.01750,0.28248,8.86270
2003-10-21,0.29105,7.82233,0.96568,28.87650,13.77000,0.28591,8.87460
2003-10-22,0.86150,10.73448,1.34352,27.09200,13.33270,0.28908,8.52690
2003-10-23,0.60948,8.23010,1.46900,25.36100,12.73730,0.29295,8.44995
2003-10-24,0.52001,4.95527,0.76051,23.69400,12.18535,0.29690,8.55250
2003-10-25,0.28940,4.67265,0.83503,22.03000,11.72795,0.30119,8.52435
2003-10-26,0.00054,5.15088,0.76298,20.40900,11.40815,0.30584,8.39665
2003-10-27,1.34511,6.00008,0.64725,19.82700,11.97765,0.30617,8.16500
2003-10-28,3.36477,6.13383,0.44944,23.51450,13.26370,0.29081,7.91550
2003-10-29,0.09958,4.10906,0.95715,23.88650,11.71000,0.29269,8.68620
2003-10-30,0.00001,2.01756,0.44892,22.67100,11.13495,0.30096,9.17720
2003-10-31,0.00781,4.53060,0.73426,21.02700,10.82565,0.30907,9.07805
2003-11-01,0.40238,5.53887,0.62427,19.48450,10.89060,0.31528,8.80590
2003-11-02,4.90047,6.34580,0.39556,24.54500,13.91650,0.29307,8.34795
2003-11-03,3.27427,7.00541,0.23390,30.16600,14.25900,0.28005,8.35730
2003-11-04,2.24759,7.52685,0.61774,33.33400,14.30450,0.27913,8.56265
2003-11-05,0.01233,6.68780,0.84828,31.21650,13.10800,0.28983,9.31850
2003-11-06,0.02093,3.73204,0.37280,28.21200,12.64925,0.30177,9.75860
2003-11-07,0.69117,5.85660,0.45974,25.68000,12.60980,0.31012,9.56680
2003-11-08,0.17322,8.13593,0.20096,23.20250,12.41285,0.31721,9.09960
2003-11-09,0.06863,7.92399,0.11799,20.95850,12.14395,0.32316,8.74890
2003-11-10,0.02158,11.43087,0.73018,18.97950,11.92175,0.32811,8.15900
2003-11-11,1.89958,7.40120,0.23404,19.10300,12.96195,0.32296,7.95675
2003-11-12,0.00000,3.16088,0.10481,18.37100,12.07400,0.32350,8.62250
2003-11-13,0.00044,2.59354,0.10439,17.24625,11.71635,0.32749,8.91545
2003-11-14,0.65149,6.25774,0.26578,16.20030,11.90625,0.33154,8.66055
2003-11-15,1.18385,12.02067,0.40790,15.66870,12.36010,0.33199,7.92100
2003-11-16,0.29621,14.24071,0.75268,14.80715,11.87400,0.33392,7.39820
2003-11-17,2.06757,13.18488,0.79288,15.18990,12.92985,0.32904,7.11040
2003-11-18,20.43020,10.44640,0.05814,74.95400,26.79500,0.21008,6.76375
2003-11-19,7.22908,9.51848,0.12368,91.18650,27.23900,0.21433,7.87990
2003-11-20,2.66954,7.46948,0.09486,82.86300,25.77250,0.23448,8.98570
2003-11-21,8.60881,9.73723,0.14233,96.24300,30.10100,0.22558,9.08600
2003-11-22,7.13922,10.52437,0.24302,111.78550,32.71200,0.21544,8.40590
2003-11-23,3.91360,10.51229,0.34275,109.74900,31.92800,0.21544,9.56450
2003-11-24,0.44038,9.39493,0.09386,91.38800,28.16250,0.22509,11.21690
2003-11-25,0.58196,8.32086,0.33836,76.77050,25.74100,0.23311,11.81490
2003-11-26,0.66310,9.16154,0.50585,65.75000,23.68800,0.23974,11.62165
2003-11-27,0.01837,10.82988,0.25662,56.78700,21.62750,0.24671,11.02865
2003-11-28,0.00297,10.04272,0.12265,49.73550,20.11400,0.25336,10.57375
2003-11-29,0.00854,9.27829,0.16923,44.12350,18.96900,0.25990,10.23155
2003-11-30,0.01158,9.05689,0.12584,39.57550,17.62400,0.26622,9.90900
2003-12-01,0.01428,8.50450,0.01834,35.81900,16.59800,0.27222,9.63945
2003-12-02,0.01020,8.32749,0.00050,32.66050,15.67730,0.27769,9.39020
2003-12-03,0.04027,6.59409,0.01426,29.96250,14.93950,0.28304,9.25945
2003-12-04,4.24038,8.96151,0.04488,35.48600,16.79350,0.26718,8.60870
2003-12-05,0.12922,8.93952,0.02638,34.97850,14.85680,0.27116,8.99395
2003-12-06,0.03582,8.42543,0.01244,32.58650,13.92550,0.28032,9.10130
2003-12-07,4.46622,4.68111,0.22383,42.15000,16.61150,0.26222,8.45445
2003-12-08,0.00047,0.03445,0.12881,41.62200,14.81715,0.26883,10.07000
2003-12-09,0.18406,1.90373,0.00683,38.69550,13.98160,0.27846,10.59140
2003-12-10,0.02048,1.36515,0.00978,35.46600,13.34925,0.28698,10.66230
2003-12-11,1.65423,1.78899,0.36289,34.85800,13.84295,0.28756,10.25425
2003-12-12,0.39743,-1.79593,0.14976,32.65500,12.84280,0.29274,10.40425
2003-12-13,0.00223,-2.36683,0.19747,30.18800,12.21810,0.29878,10.31370
2003-12-14,0.00052,-3.78177,0.00710,27.84650,11.71675,0.30412,10.11670
2003-12-15,0.42492,-3.36320,0.00676,25.72600,11.25295,0.30838,9.88075
2003-12-16,0.38488,-4.91838,0.00168,23.82750,10.86985,0.31275,9.65410
2003-12-17,0.01572,-4.61387,0.00335,22.12750,10.51050,0.31593,9.43935
2003-12-18,0.00146,-4.08020,0.07244,20.59550,10.45735,0.31963,9.26255
2003-12-19,15.75470,1.25893,0.26765,75.70650,22.55800,0.21643,7.26640
2003-12-20,10.55809,0.45974,0.09175,131.95850,29.89750,0.19889,6.63840
2003-12-21,13.58064,-0.94743,0.03933,127.62450,30.13550,0.21207,9.65040
2003-12-22,1.15894,-2.20034,0.04726,106.32200,26.31200,0.22643,11.44990
2003-12-23,0.32298,-2.57530,0.00936,88.67000,23.80850,0.23696,12.12840
2003-12-24,0.22514,-2.98332,0.02705,75.20950,21.33650,0.24411,12.20150
2003-12-25,0.00053,-2.35464,0.02531,64.98150,19.13500,0.24984,11.96000
2003-12-26,0.94034,-1.94516,0.00718,57.07650,17.33150,0.25446,11.60900
2003-12-27,0.12198,-2.30480,0.00261,50.83200,15.88700,0.25965,11.24710
2003-12-28,0.06070,-3.14551,0.00014,45.78850,14.56045,0.26393,10.87600
2003-12-29,2.28875,-1.44418,0.10770,41.75500,13.59105,0.26811,10.55455
2003-12-30,0.96148,2.61598,0.23007,61.56150,15.51300,0.23183,9.07605
2003-12-31,0.00000,0.58590,0.16888,62.51850,15.29135,0.23641,9.02280
2004-01-01,0.70792,8.61586,0.06492,113.93800,21.67000,0.19618,8.56015
2004-01-02,3.73305,8.43637,0.29924,116.73350,24.19200,0.20277,9.47290
2004-01-03,0.56474,8.03900,0.22706,99.55950,21.65750,0.21595,10.69740
2004-01-04,2.35594,8.83838,0.22254,92.08300,20.59750,0.22022,10.77315
2004-01-05,1.53888,9.75356,0.38815,83.24800,19.20500,0.22555,10.84345
2004-01-06,0.12723,5.29438,0.61222,73.01650,16.29150,0.23213,11.17195
2004-01-07,0.00030,0.96888,0.50490,64.64650,15.16300,0.23863,11.31680
2004-01-08,0.02849,-1.17378,0.00994,57.95750,13.86755,0.24491,11.19880
2004-01-09,0.97178,4.89969,0.04150,53.46500,13.70270,0.24861,10.61090
2004-01-10,0.09412,6.87267,0.15948,48.99750,12.40450,0.25427,10.07265
2004-01-11,12.81259,8.81293,0.28822,102.73200,23.71600,0.20092,7.94670
2004-01-12,0.01014,6.17401,0.94451,95.06050,20.42800,0.21502,9.92655
2004-01-13,0.19280,5.71816,0.58660,83.59950,18.89600,0.22690,10.78780
2004-01-14,0.00159,5.47055,0.84966,73.60050,17.50850,0.23649,10.94395
2004-01-15,0.00112,4.09098,0.16770,65.51100,16.03750,0.24326,10.88075
2004-01-16,0.00035,4.37597,0.06431,59.00850,14.84450,0.24902,10.63090
2004-01-17,0.00000,5.26319,0.30709,53.72150,13.83000,0.25382,10.30860
2004-01-18,1.86193,7.06669,0.34407,53.17750,13.75485,0.25210,9.77410
2004-01-19,1.21760,6.52201,0.08527,51.45500,13.43410,0.25387,9.76045
2004-01-20,2.42078,9.46445,0.75085,52.75650,14.05800,0.25155,9.39900
2004-01-21,7.73636,6.89451,0.04703,72.05250,18.56800,0.22770,9.28990
2004-01-22,4.26573,6.66451,0.03103,80.90500,19.58700,0.22393,9.34860
2004-01-23,1.31208,11.98060,0.31936,74.67650,18.49850,0.23321,9.55905
2004-01-24,4.98676,11.47729,0.24428,80.71900,20.87200,0.22707,9.44360
2004-01-25,12.13477,7.82494,0.04249,131.80200,30.03850,0.19443,8.38225
2004-01-26,0.07252,7.47617,0.36537,114.37700,25.92350,0.20693,10.17735
2004-01-27,7.86832,8.41151,0.17373,144.47000,31.58200,0.19232,9.28430
2004-01-28,3.76701,6.18327,0.41061,143.72000,31.36250,0.19420,10.53210
2004-01-29,1.69961,8.50826,1.07107,129.18000,29.14950,0.20064,11.65010
2004-01-30,0.57198,4.59007,0.59649,113.28850,26.52750,0.20796,12.45500
2004-01-31,0.00784,4.66580,0.47444,100.32750,24.06400,0.21467,12.58600
2004-02-01,0.00000,3.52668,0.08082,90.22550,21.97600,0.22052,12.39200
2004-02-02,1.86675,3.98325,0.42658,87.19800,21.48000,0.22148,11.81750
2004-02-03,0.87785,7.44847,0.60107,81.37600,19.99700,0.22622,11.30745
2004-02-04,0.00699,5.53775,0.44862,75.03100,18.31600,0.23130,11.02760
2004-02-05,5.87769,6.84080,0.29563,98.40250,22.77700,0.21216,9.43210
2004-02-06,0.95920,5.74355,0.37892,93.84150,20.93800,0.21929,10.50345
2004-02-07,2.49500,6.27301,0.39314,94.32700,21.46700,0.21949,10.63250
2004-02-08,1.72941,6.38906,1.24215,90.98200,20.60350,0.22275,10.76705
2004-02-09,0.01903,6.68991,0.77571,83.30500,18.82050,0.22864,10.82680
2004-02-10,0.87832,7.75269,0.13541,77.42800,17.97450,0.23318,10.57280
2004-02-11,0.23480,7.12203,0.04301,71.62200,16.63950,0.23769,10.34155
2004-02-12,0.00642,2.76653,0.09777,66.51500,15.38900,0.24113,10.37610
2004-02-13,0.24037,4.40708,0.30271,62.21900,14.18565,0.24478,10.13810
2004-02-14,0.45149,8.15367,0.16421,58.67850,13.74315,0.24757,9.67930
2004-02-15,0.14945,8.23603,0.74487,55.31600,12.89650,0.25133,9.40145
2004-02-16,0.00078,8.55335,1.34725,52.22150,12.17970,0.25375,9.16070
2004-02-17,0.01592,6.17853,0.24585,49.40900,11.58465,0.25614,9.16810
2004-02-18,1.24261,5.36115,0.29991,48.46350,11.81445,0.25645,9.12100
2004-02-19,3.76508,4.88255,0.57684,58.95850,14.04500,0.24140,8.49585
2004-02-20,1.25540,5.90277,0.39317,59.61500,13.59175,0.24381,9.33135
2004-02-21,1.50522,9.59985,0.42071,58.97050,13.72660,0.24584,9.39880
2004-02-22,1.79210,9.90179,0.76322,59.10200,14.23955,0.24589,9.30190
2004-02-23,0.48760,11.17256,1.04804,55.60450,13.23550,0.25068,9.27125
2004-02-24,0.13853,12.19426,0.85610,51.63650,12.42355,0.25475,9.07860
2004-02-25,0.54889,10.56154,1.22685,48.35950,12.04730,0.25828,8.97930
2004-02-26,0.23257,7.75005,0.82915,45.24600,11.41215,0.26123,9.04340
2004-02-27,3.34738,8.20464,1.20753,50.06150,13.26130,0.25090,8.71290
2004-02-28,0.75713,7.23369,0.60954,48.68950,12.34075,0.25306,9.05395
2004-02-29,3.00763,7.09564,1.06408,51.69000,13.63890,0.24826,9.02445
2004-03-01,3.63881,9.56117,0.33248,57.82850,15.04600,0.24085,8.75685
2004-03-02,0.00119,6.23390,1.09353,53.96250,13.46690,0.24723,9.31970
2004-03-03,3.68831,6.60315,0.15750,60.28800,15.75300,0.23860,8.93745
2004-03-04,0.92535,5.93613,1.01128,57.22300,14.88600,0.24416,9.61540
2004-03-05,0.43055,6.30864,1.48850,52.48300,14.14400,0.24976,9.77565
2004-03-06,0.00396,4.25682,1.06641,47.88600,13.32470,0.25492,9.85905
2004-03-07,7.35637,5.82543,0.30162,70.94100,18.91550,0.22316,8.35060
2004-03-08,3.10672,10.85291,0.91297,78.79950,19.43100,0.22014,8.90240
2004-03-09,0.19002,7.58765,1.91769,71.97900,18.57100,0.22869,10.01545
2004-03-10,0.58616,7.53514,1.18253,65.21150,17.49750,0.23543,10.33030
2004-03-11,0.26438,6.69490,2.28905,59.05050,16.46450,0.24043,10.30830
2004-03-12,0.27114,5.99951,2.05742,53.87800,15.52400,0.24445,10.12930
2004-03-13,0.00000,6.34721,2.17324,49.45250,14.44400,0.24827,9.89495
2004-03-14,1.82192,6.79154,0.50075,49.28800,14.78600,0.24605,9.44750
2004-03-15,0.04492,9.59897,1.01126,46.46700,13.69055,0.24889,9.27775
2004-03-16,0.00001,10.97775,1.86030,43.35800,12.92110,0.25345,8.99435
2004-03-17,0.00000,11.26854,1.60707,40.48950,12.29175,0.25735,8.73730
2004-03-18,0.00016,10.31285,1.44420,37.92450,11.64620,0.26182,8.60200
2004-03-19,0.00138,11.36982,1.58814,35.64000,11.09280,0.26548,8.36795
2004-03-20,0.00000,11.37521,1.59066,33.58700,10.53895,0.26833,8.17735
2004-03-21,0.02586,9.71739,1.02954,31.73150,9.98055,0.27212,8.14620
2004-03-22,0.03926,8.88913,1.24439,30.03750,9.59535,0.27528,8.11015
2004-03-23,0.98132,8.79444,0.57930,29.12450,12.55215,0.27898,8.03835
2004-03-24,2.53663,9.60032,1.15752,31.52850,12.26825,0.27118,7.74920
2004-03-25,0.04547,9.95172,2.50831,30.92850,10.63450,0.27365,7.90225
2004-03-26,6.68394,7.83937,0.51888,43.48900,14.96900,0.24880,7.86455
2004-03-27,2.37126,8.79218,1.19290,46.51300,14.32100,0.24884,8.07000
2004-03-28,12.70631,8.60598,0.51244,83.33500,23.10000,0.21075,7.87785
2004-03-29,1.33446,11.04241,0.66677,76.21050,19.97200,0.22438,8.33160
2004-03-30,1.68129,10.55088,1.31262,68.23450,19.41000,0.23425,8.47950
2004-03-31,5.85720,11.47809,0.53603,82.37250,23.18550,0.21887,7.34550
2004-04-01,0.06632,11.75386,1.73342,72.84850,20.59450,0.22804,8.49420
2004-04-02,0.00000,8.81095,2.10766,63.24200,18.87300,0.23580,9.17905
2004-04-03,0.00000,6.15714,1.81961,55.38750,17.47450,0.24189,9.48760
2004-04-04,0.00265,6.44488,1.97281,49.11150,16.40450,0.24698,9.47575
2004-04-05,0.01098,7.14135,2.34091,44.06300,15.45600,0.25126,9.26330
2004-04-06,0.00023,7.03344,2.54291,39.94300,14.42600,0.25564,9.04750
2004-04-07,0.02660,4.90982,1.61279,36.52800,13.70590,0.26000,8.99790
2004-04-08,0.31641,3.07267,1.30993,33.74950,13.25605,0.26382,9.00470
2004-04-09,0.05166,4.73560,1.64029,31.30100,12.53870,0.26859,8.79745
2004-04-10,0.09313,4.71224,1.94702,29.15000,11.92810,0.27247,8.64045
2004-04-11,5.16246,8.90583,0.46724,36.63800,14.55160,0.25207,7.96000
2004-04-12,1.15477,6.61194,1.42320,37.50650,13.20665,0.25411,8.19455
2004-04-13,2.78017,5.66051,0.71009,39.88000,14.12395,0.25306,8.18350
2004-04-14,1.89604,9.10463,1.28239,40.79250,14.03000,0.25415,7.99690
2004-04-15,0.24638,13.30673,3.35436,37.88950,13.01310,0.26232,7.90015
2004-04-16,0.03717,13.32320,3.61802,34.49250,12.49825,0.27060,7.77695
2004-04-17,0.24913,10.52302,2.59576,31.45050,11.90290,0.27772,7.85595
2004-04-18,7.34979,9.95362,0.34428,44.19350,16.68450,0.24786,7.60355
2004-04-19,4.61390,9.68799,0.77541,54.38850,17.70000,0.23659,7.41685
2004-04-20,2.87641,9.97961,1.39398,58.10600,17.99050,0.23673,7.40560
2004-04-21,0.10749,7.85466,1.84743,52.18800,16.54800,0.24786,8.11295
2004-04-22,0.01087,9.61705,2.43969,46.04650,15.67450,0.25791,8.25765
2004-04-23,0.00000,8.29985,2.40500,40.80000,15.04150,0.26542,8.30335
2004-04-24,1.37554,10.22535,2.95607,38.17600,15.24200,0.26752,8.00065
2004-04-25,0.60643,9.54547,2.47333,35.15050,14.55550,0.27105,7.96935
2004-04-26,0.15432,7.97202,2.77087,32.04750,13.76200,0.27639,8.03565
2004-04-27,4.29474,9.10854,1.45349,40.93650,16.24200,0.25420,6.82045
2004-04-28,1.27979,9.92763,1.67847,42.44900,15.40450,0.25484,7.52945
2004-04-29,1.76375,9.87709,1.86457,43.00300,15.56050,0.25683,7.79255
2004-04-30,2.33912,8.75976,1.03916,45.44900,16.26700,0.25409,7.87440
2004-05-01,0.47317,9.14987,0.87926,42.86200,15.30950,0.25933,8.27205
2004-05-02,0.51272,9.36165,0.75454,39.59400,14.83600,0.26507,8.39995
2004-05-03,0.31569,9.73935,0.91661,36.37950,14.19800,0.27054,8.30500
2004-05-04,0.17463,11.55931,1.98913,33.44100,13.64260,0.27542,8.09475
2004-05-05,0.50255,11.60655,2.95177,31.04600,13.26220,0.27955,7.93910
2004-05-06,0.00099,11.43391,3.42963,28.77250,12.55400,0.28325,7.82000
2004-05-07,0.03704,11.68408,2.82151,26.71950,12.11185,0.28684,7.69665
2004-05-08,0.00025,14.74798,3.57891,24.88100,11.61865,0.29061,7.33050
2004-05-09,0.00016,13.96830,3.61077,23.23050,11.27795,0.29453,7.20625
2004-05-10,0.12823,13.59208,2.72065,21.75850,11.00000,0.29783,7.11935
2004-05-11,0.06101,15.22382,3.28526,20.41900,10.67890,0.30066,6.93015
2004-05-12,0.00000,15.33362,4.62737,19.18750,10.34225,0.30380,6.77525
2004-05-13,0.00000,17.06363,5.35169,18.05400,10.05765,0.30645,6.54665
2004-05-14,0.00227,19.61509,4.82516,17.00435,9.82420,0.30949,6.19885
2004-05-15,1.07632,21.57765,5.13173,16.53690,10.25420,0.30930,5.80805
2004-05-16,1.18379,17.26393,4.66668,16.49150,10.42210,0.30742,5.94940
2004-05-17,0.00001,16.26316,4.73003,15.94970,9.66270,0.30898,6.12010
2004-05-18,1.34616,17.19482,4.08593,16.03385,10.23905,0.30850,6.00630
2004-05-19,1.41058,21.27064,5.34750,16.53615,11.05995,0.30613,5.68555
2004-05-20,0.06035,21.96705,6.62254,16.14575,9.88560,0.30819,5.61790
2004-05-21,0.00000,21.13789,5.69076,15.31850,9.44980,0.31319,5.62590
2004-05-22,0.00000,20.74456,6.17848,14.34285,9.24535,0.31824,5.61955
2004-05-23,0.00000,19.62553,6.75141,13.36560,9.15260,0.32238,5.64680
2004-05-24,0.00024,18.58973,6.38261,12.44615,9.07595,0.32517,5.66685
2004-05-25,0.00000,19.10763,6.56701,11.62315,8.97575,0.32626,5.59125
2004-05-26,0.00000,17.81975,5.76840,10.92520,8.89520,0.32414,5.61545
2004-05-27,0.00257,19.12685,5.12219,10.36790,8.99130,0.31865,5.49640
2004-05-28,0.00000,21.17725,5.08809,9.90290,8.90365,0.31413,5.24630
2004-05-29,0.00067,20.20944,6.18352,9.49695,8.90280,0.31028,5.15290
2004-05-30,0.62944,13.70561,2.70319,9.24500,11.50695,0.30947,5.56345
2004-05-31,7.91706,10.76127,2.67271,17.16260,15.70050,0.26541,5.56555
2004-06-01,0.85570,9.93923,3.72978,21.03815,12.82290,0.26332,6.45375
2004-06-02,2.47692,9.18370,2.11843,23.01160,13.26485,0.27402,6.87770
2004-06-03,2.53955,8.79204,1.97687,25.22900,13.75520,0.27868,6.90950
2004-06-04,0.01282,11.90258,3.52517,23.53620,12.42090,0.29325,7.38510
2004-06-05,0.01204,12.61621,3.27120,21.08050,11.87490,0.30806,7.53175
2004-06-06,0.01022,14.27177,3.77908,18.68965,11.78365,0.31988,7.34820
2004-06-07,0.03297,17.16463,5.02322,16.56285,11.73700,0.32782,6.89590
2004-06-08,0.00000,16.88045,5.17266,14.72665,11.74395,0.33375,6.60910
2004-06-09,0.00001,15.84190,4.89669,13.15770,11.75520,0.33763,6.46985
2004-06-10,0.05018,13.68842,4.06605,11.81625,11.83710,0.34069,6.52450
2004-06-11,0.00005,14.06951,4.57750,10.67275,11.85865,0.34122,6.43100
2004-06-12,3.19137,14.04892,2.02842,11.63290,14.28415,0.32248,6.21595
2004-06-13,1.68038,15.52508,3.99894,12.99140,13.93015,0.30702,6.21140
2004-06-14,0.55912,14.64963,3.77089,13.40050,13.33085,0.30403,6.61785
2004-06-15,0.93930,14.64819,2.65896,13.22865,13.36545,0.30684,6.79185
2004-06-16,0.00372,15.63108,4.23728,12.38300,12.78685,0.31232,6.69910
2004-06-17,1.00284,17.27801,4.36032,11.70625,13.40095,0.31514,6.40585
2004-06-18,0.40367,17.57465,3.89985,10.88495,13.32190,0.31802,6.11875
2004-06-19,0.13487,15.73113,2.45675,10.01515,13.20160,0.32171,6.10025
2004-06-20,8.62826,12.56506,0.72602,19.44365,18.52650,0.27132,6.03185
2004-06-21,1.60919,14.19171,3.51065,23.90845,16.31100,0.26596,6.55600
2004-06-22,0.24077,14.07005,3.74551,22.51020,14.70050,0.28327,6.99950
2004-06-23,3.08133,17.97249,3.35448,23.75315,16.33950,0.28953,6.62540
2004-06-24,0.08880,21.54852,6.81943,21.76710,15.26000,0.30378,6.39490
2004-06-25,1.24529,21.87290,5.94779,20.06060,15.78450,0.31369,6.16535
2004-06-26,0.23463,17.16855,4.39811,17.81100,15.34750,0.32285,6.50300
2004-06-27,0.00441,16.38619,4.42382,15.61005,15.13000,0.33119,6.65025
2004-06-28,1.63839,17.68192,2.71895,14.54925,16.21850,0.33237,6.43700
2004-06-29,2.00862,16.00527,1.32881,14.39495,16.90700,0.32708,6.46285
2004-06-30,5.28693,14.68609,2.00468,19.51460,19.19500,0.29746,6.52440
2004-07-01,3.23356,13.74293,1.66762,24.39380,18.99600,0.28443,6.86620
2004-07-02,0.23123,14.61358,2.50969,23.12145,17.31450,0.29405,7.37890
2004-07-03,0.31298,15.44186,3.37754,20.47590,16.80600,0.30888,7.42185
2004-07-04,5.26355,16.75717,2.73714,24.83410,20.04750,0.29242,7.02525
2004-07-05,4.10127,16.73434,2.61052,30.66410,20.95350,0.27843,6.95640
2004-07-06,0.51281,16.02459,2.60512,28.61760,19.02350,0.28813,7.60515
2004-07-07,0.28822,13.74463,1.86433,24.99380,18.34450,0.30269,7.99230
2004-07-08,1.14352,15.66709,3.71711,22.28605,18.57350,0.31288,7.78255
2004-07-09,0.97103,15.03958,2.41958,19.89540,18.58750,0.32062,7.64045
2004-07-10,0.05992,15.31997,2.37819,17.38515,18.02600,0.32894,7.42525
2004-07-11,3.00813,15.87767,4.34818,17.63760,19.68900,0.32252,7.06805
2004-07-12,10.52922,14.83754,2.40406,38.73995,25.69650,0.25672,6.79345
2004-07-13,1.01543,14.66380,4.19929,39.04305,22.25900,0.26369,7.81280
2004-07-14,0.06804,14.32754,3.48669,33.88695,20.57450,0.28288,8.26370
2004-07-15,2.12806,15.14455,3.39903,31.23535,21.31900,0.29373,8.07840
2004-07-16,2.35223,16.09103,4.20275,30.23645,21.79500,0.29794,7.77405
2004-07-17,0.01278,15.56382,3.68991,26.68555,20.52450,0.30863,7.97880
2004-07-18,0.00052,15.40584,3.86585,23.03560,19.99300,0.32040,7.94300
2004-07-19,0.00007,16.06672,3.68578,19.82585,19.83500,0.33112,7.67020
2004-07-20,1.30109,16.76317,4.20993,17.83940,20.41150,0.33662,7.31430
2004-07-21,4.10161,14.07499,2.23188,20.33875,22.05800,0.31996,7.19950
2004-07-22,0.00815,15.29893,3.35395,19.88240,19.93900,0.32083,7.57495
2004-07-23,0.20705,17.06545,4.15538,18.15960,19.46800,0.33019,7.48095
2004-07-24,0.89032,18.35341,2.83040,16.47735,19.64950,0.33910,7.13935
2004-07-25,4.55840,17.38402,1.98705,19.65020,21.88100,0.32176,6.84545
2004-07-26,0.11211,18.26844,3.96360,19.35490,19.91150,0.32357,7.01570
2004-07-27,1.65846,16.41225,1.49807,19.04490,20.16950,0.32850,7.13425
2004-07-28,0.44480,16.56598,1.31277,17.48860,19.43350,0.33736,7.32940
2004-07-29,0.29204,17.92303,2.92487,15.60495,19.10950,0.34726,7.11340
2004-07-30,3.87841,16.58572,2.18976,17.34595,21.11750,0.33487,6.92500
2004-07-31,8.36479,14.00832,1.03638,34.14580,25.13950,0.28195,6.98525
2004-08-01,1.11584,17.22715,3.05667,35.19235,22.32950,0.28816,8.11265
2004-08-02,0.38953,15.82535,2.70070,31.31620,21.05500,0.30722,8.65570
2004-08-03,0.05713,19.00169,3.81083,27.00360,20.34150,0.32506,8.30930
2004-08-04,0.37319,19.76489,3.91200,23.30045,20.04600,0.33921,7.79320
2004-08-05,0.12333,19.03363,2.41902,20.11100,19.71550,0.35068,7.45430
2004-08-06,0.00000,19.39926,3.16551,17.41185,19.49350,0.35964,7.11500
2004-08-07,0.26084,18.63275,2.25629,15.17365,19.41900,0.36661,6.87590
2004-08-08,0.41831,17.81954,2.48316,13.33540,19.56600,0.37137,6.69575
2004-08-09,0.16943,15.40034,3.84957,11.73520,19.57800,0.37491,6.74900
2004-08-10,1.16338,14.24507,2.74818,10.73520,20.43550,0.37414,6.77065
2004-08-11,4.60969,13.26192,1.28924,13.18655,22.34850,0.34389,6.81325
2004-08-12,10.94563,12.80281,0.62531,36.90000,26.92800,0.26462,7.01755
2004-08-13,4.82256,18.55152,1.79151,48.10110,26.40000,0.25757,7.36750
2004-08-14,0.26896,17.64150,3.63410,42.54610,23.80450,0.28176,8.18915
2004-08-15,0.02393,15.46293,2.73185,35.91235,22.57800,0.30419,8.59585
2004-08-16,4.17954,18.09675,2.81157,36.98670,24.89150,0.30301,8.12295
2004-08-17,5.06783,13.11676,0.21464,42.79450,26.68900,0.28963,8.39455
2004-08-18,0.01912,14.32590,2.29877,37.84400,23.96500,0.30051,8.94105
2004-08-19,0.00005,13.42564,2.86837,32.09600,22.75550,0.31389,9.04945
2004-08-20,10.64221,12.75064,0.79302,53.89500,30.24450,0.26373,8.46420
2004-08-21,2.42879,13.99494,2.58261,55.63600,28.23950,0.26364,9.10655
2004-08-22,0.00003,13.27452,3.14381,47.86050,25.72500,0.27841,10.13455
2004-08-23,0.00535,14.34608,3.13848,40.38100,23.92900,0.29206,10.14510
2004-08-24,0.00042,14.44389,3.06277,34.19400,22.77450,0.30260,9.76250
2004-08-25,0.02757,14.52920,3.08802,29.19250,21.76100,0.31138,9.29290
2004-08-26,0.18975,17.43825,3.67192,25.16900,20.86550,0.31868,8.52965
2004-08-27,0.12917,17.34054,2.02097,21.87050,20.41150,0.32513,8.02300
2004-08-28,0.89635,16.39554,0.84648,19.50000,20.38400,0.32893,7.71370
2004-08-29,0.01603,17.10945,3.33159,17.29650,19.51200,0.33305,7.38590
2004-08-30,0.83356,17.53515,2.97398,15.63400,19.55850,0.33612,7.09210
2004-08-31,0.00001,15.24592,2.90893,14.01440,18.91750,0.33959,7.04520
2004-09-01,0.00003,13.75138,2.37446,12.53400,18.59150,0.34350,7.02715
2004-09-02,1.12064,15.01595,2.79821,11.61040,19.18450,0.34422,6.84810
2004-09-03,3.43734,18.42300,3.26217,13.07150,20.50600,0.32684,6.40875
2004-09-04,0.01720,17.01657,3.24691,13.22875,18.56800,0.32285,6.65525
2004-09-05,2.60799,13.46422,0.88746,14.57870,19.87200,0.31828,6.96405
2004-09-06,8.81303,12.05808,1.70005,29.86615,23.78450,0.26803,7.20595
2004-09-07,2.29060,11.42074,2.13690,34.49315,21.65700,0.26720,8.05195
2004-09-08,0.67128,13.77921,2.98525,31.72650,20.19500,0.28648,8.77235
2004-09-09,0.01636,12.79503,3.18007,27.64990,19.20900,0.30614,8.96185
2004-09-10,0.37917,15.47448,1.77830,23.95135,18.86500,0.32166,8.51295
2004-09-11,0.12987,16.52518,2.26818,20.68345,18.76500,0.33384,7.98545
2004-09-12,0.67893,16.10960,1.53704,18.12975,18.96150,0.34258,7.60385
2004-09-13,10.99081,15.26858,2.58435,43.32100,26.33350,0.26190,6.67310
2004-09-14,1.35774,13.14995,2.44989,46.19600,23.65750,0.26765,9.21590
2004-09-15,0.00369,11.18077,2.04786,41.14050,21.98000,0.28441,10.53525
2004-09-16,0.00068,13.41399,2.61688,35.68300,20.92650,0.30048,10.49990
2004-09-17,0.00040,15.55973,2.28567,30.92850,20.21700,0.31229,9.86705
2004-09-18,0.01292,15.71199,2.31607,26.93250,19.47650,0.32185,9.26280
2004-09-19,0.00000,17.89685,3.11376,23.58800,18.91750,0.32885,8.53485
2004-09-20,0.00713,14.48275,1.86050,20.77600,18.47950,0.33484,8.37650
2004-09-21,0.00056,11.60501,1.53690,18.39600,17.93650,0.33967,8.42180
2004-09-22,0.01427,12.59237,1.48803,16.36550,17.46250,0.34353,8.17450
2004-09-23,0.00000,14.38936,1.79973,14.61790,17.02350,0.34711,7.76785
2004-09-24,0.00000,16.07610,2.86855,13.10220,16.72900,0.34983,7.27975
2004-09-25,0.00000,18.71861,3.31326,11.77810,16.45850,0.35225,6.74635
2004-09-26,0.13757,16.90455,1.31591,10.62075,16.35050,0.35404,6.59620
2004-09-27,0.21078,18.73245,2.16157,9.60695,16.25950,0.35522,6.29475
2004-09-28,0.23926,13.47553,0.95881,8.71550,16.20660,0.35565,6.49490
2004-09-29,0.00019,12.01442,1.46299,7.91220,15.96180,0.35440,6.64260
2004-09-30,0.00000,13.39034,2.12164,7.24040,15.79880,0.34939,6.54450
2004-10-01,0.00073,16.73938,2.63849,6.68095,15.70115,0.34486,6.20945
2004-10-02,0.62271,12.35867,2.05474,6.30630,18.08675,0.34095,6.28665
2004-10-03,0.07468,10.71749,1.47496,5.96745,17.16630,0.33238,6.41600
2004-10-04,0.20795,15.66175,1.89685,5.67500,16.94865,0.32605,6.04790
2004-10-05,0.00138,12.26939,1.48288,5.45155,16.59045,0.31554,6.03690
2004-10-06,0.00412,11.91974,1.14295,5.31800,16.31995,0.30346,6.08090
2004-10-07,0.00001,13.16359,1.18925,5.25710,16.09280,0.29388,5.97910
2004-10-08,0.01531,12.14765,1.01530,5.23025,15.94810,0.28724,5.96895
2004-10-09,0.02406,12.42186,1.08791,5.22065,15.79090,0.28354,5.91340
2004-10-10,0.00497,12.99435,1.42868,5.23205,15.54560,0.28202,5.82885
2004-10-11,2.10041,10.77044,0.56364,5.68535,16.95450,0.28600,5.77560
2004-10-12,0.32650,9.36422,1.10608,5.77190,16.01765,0.29316,6.84630
2004-10-13,0.20359,7.51714,0.73008,5.80195,15.33775,0.30679,7.54120
2004-10-14,0.50728,11.70769,0.62528,5.85590,15.12500,0.31692,7.45810
2004-10-15,0.00563,11.63430,0.85155,5.84675,14.58765,0.32063,7.21570
2004-10-16,0.00356,10.40103,0.82703,5.79080,14.25250,0.32533,7.09540
2004-10-17,0.04042,7.59263,0.51616,5.72190,14.05475,0.32484,7.11785
2004-10-18,0.00000,8.99683,0.67159,5.64835,13.85790,0.33186,6.96640
2004-10-19,0.05532,9.32633,0.54469,5.58935,13.75385,0.33916,6.79155
2004-10-20,0.10764,11.81039,0.33477,5.56705,13.97405,0.34247,6.44720
2004-10-21,0.16461,11.43502,0.36810,5.58105,13.66300,0.33307,6.25325
2004-10-22,0.00000,10.25886,1.44282,5.64055,13.43360,0.31490,6.19960
2004-10-23,0.02259,12.10213,1.40216,5.73085,13.22675,0.29965,5.99510
2004-10-24,0.22738,15.63277,0.85658,5.84635,13.21060,0.29215,5.58370
2004-10-25,0.51964,16.44436,1.30684,5.99020,13.34150,0.28703,5.25840
2004-10-26,2.91152,16.35478,1.23038,6.48830,15.40560,0.29243,5.04925
2004-10-27,4.59917,11.66275,0.00112,7.84285,17.38100,0.27966,5.44495
2004-10-28,0.12699,9.38463,0.46745,8.56920,14.42940,0.26833,6.81395
2004-10-29,0.00126,11.07575,0.77197,8.93575,13.20625,0.27965,7.35915
2004-10-30,0.02811,10.03158,0.52568,8.61620,12.75945,0.29542,7.53070
2004-10-31,0.02875,7.37840,0.21395,7.96175,12.61085,0.30784,7.68690
2004-11-01,0.17284,8.86740,0.84389,7.28555,12.74080,0.31736,7.50065
2004-11-02,0.00029,8.44730,0.64135,6.68820,12.84005,0.32335,7.29040
2004-11-03,1.43179,9.74610,0.85525,6.48690,14.31865,0.32235,6.96135
2004-11-04,8.39175,7.36536,0.25236,11.86740,19.40600,0.27848,6.67560
2004-11-05,0.11455,5.07761,0.09021,14.81990,15.59400,0.27637,7.92315
2004-11-06,4.50237,5.46587,0.25641,19.67750,17.97300,0.28316,8.38335
2004-11-07,1.85026,6.01674,0.23065,20.28945,17.19750,0.30252,8.88495
2004-11-08,9.83610,5.29983,0.10085,38.68725,24.39700,0.26833,8.61285
2004-11-09,0.26559,5.98434,0.38640,35.92685,21.01100,0.29385,9.88630
2004-11-10,0.17673,6.34109,0.42396,30.22095,19.70050,0.32148,10.36780
2004-11-11,0.18277,3.35722,0.22941,25.00380,19.06400,0.34478,10.55275
2004-11-12,0.02568,1.41610,0.18023,20.68475,18.60450,0.36279,10.52380
2004-11-13,7.37707,6.12148,0.25607,28.20775,23.41000,0.32292,9.52835
2004-11-14,5.08543,7.57962,0.06286,36.45675,24.83600,0.29933,9.27485
2004-11-15,13.31856,6.93259,0.11123,72.48250,35.34800,0.24368,9.01200
2004-11-16,0.12889,7.44407,0.00024,61.99450,29.81200,0.26335,10.19065
2004-11-17,7.89878,9.00084,0.04577,72.41250,34.20050,0.25509,9.95870
2004-11-18,0.49617,7.46570,0.10960,59.95200,30.23650,0.27235,10.60330
2004-11-19,7.31605,6.31232,0.35427,67.29900,33.41150,0.26030,10.48115
2004-11-20,4.13598,6.82337,0.35236,67.65600,32.81050,0.25718,10.14980
2004-11-21,0.27517,5.90731,0.54430,56.14350,29.25850,0.26984,10.97925
2004-11-22,0.05675,4.97661,0.42057,45.98350,26.82950,0.28186,11.25365
2004-11-23,0.31328,4.03118,0.15148,38.09000,25.49150,0.29213,11.12670
2004-11-24,0.09698,4.64441,0.17706,31.85700,24.07350,0.30129,10.70140
2004-11-25,0.30426,4.37747,0.11429,26.99450,23.25450,0.30922,10.26330
2004-11-26,0.49705,3.81118,0.09322,23.20750,22.60950,0.31610,9.90870
2004-11-27,16.16834,6.63888,0.20321,62.88500,31.99450,0.22952,8.75380
2004-11-28,12.54505,10.85141,0.09220,114.85400,39.60750,0.20031,7.50420
2004-11-29,2.11293,7.37525,0.04628,103.13800,36.56150,0.21858,10.04035
2004-11-30,0.02169,-1.28207,0.18800,83.88850,32.30850,0.23548,12.03190
2004-12-01,0.18164,-2.82285,0.01346,68.62750,29.04950,0.24836,12.62400
2004-12-02,0.15281,-0.19041,0.04457,57.06000,26.38550,0.25884,12.48100
2004-12-03,0.00010,-1.91588,0.03408,48.23450,24.19900,0.26762,12.08650
2004-12-04,0.00127,-2.62161,0.00566,41.39750,22.56650,0.27553,11.67855
2004-12-05,0.00319,-2.72446,0.00305,35.99850,21.13600,0.28297,11.25170
2004-12-06,1.23191,-2.03249,0.00539,31.65650,19.80450,0.28995,10.86140
2004-12-07,1.80209,-3.28527,0.00000,28.09850,18.95200,0.29646,10.49985
2004-12-08,0.15750,-3.91870,0.00042,25.13450,18.16085,0.30243,10.20190
2004-12-09,4.23766,-0.55199,0.13999,25.29750,18.28760,0.29633,9.88795
2004-12-10,6.85647,4.65267,0.23702,70.08700,24.18950,0.21543,7.49645
2004-12-11,2.00375,3.03383,0.17238,75.91600,24.28550,0.22457,8.74560
2004-12-12,0.38771,2.37420,0.15145,67.18750,22.43700,0.24358,9.94025
2004-12-13,0.04085,2.61219,0.13735,57.05150,20.40300,0.26028,10.43565
2004-12-14,0.51820,6.96405,0.17268,49.70050,19.24300,0.26992,10.15250
2004-12-15,0.30401,5.95947,0.05393,42.73100,17.72650,0.27874,9.93750
2004-12-16,1.30707,6.07401,0.08842,38.32200,17.12450,0.28325,9.64370
2004-12-17,12.21045,6.55207,0.04735,72.85500,25.72400,0.22744,8.42825
2004-12-18,1.06640,3.81763,0.14653,68.22700,22.74000,0.23946,10.01645
2004-12-19,0.54048,6.53555,0.21272,58.79100,20.70650,0.25303,10.42790
2004-12-20,3.20633,10.11572,0.25154,57.58250,21.44900,0.25306,9.82460
2004-12-21,2.33040,8.77959,0.38998,56.10850,21.10300,0.25378,9.80680
2004-12-22,0.59880,8.14292,0.04905,49.90450,18.80150,0.26229,10.26545
2004-12-23,20.50891,8.82671,0.36213,121.88100,34.87900,0.19472,9.19345
2004-12-24,5.65474,8.58018,0.12177,130.09400,35.34500,0.19875,9.32660
2004-12-25,1.09270,11.56679,0.73516,107.80400,31.30750,0.21218,10.51065
2004-12-26,14.00130,11.05204,0.22955,166.06000,42.96950,0.18319,8.75070
2004-12-27,0.34305,4.41017,0.00248,137.76500,36.69650,0.19528,11.22915
2004-12-28,0.15335,-0.81728,0.00000,113.88950,32.19950,0.20478,12.90050
2004-12-29,0.38434,0.68036,0.00786,96.54100,28.80350,0.21284,13.36900
2004-12-30,0.00000,-0.06846,0.00393,83.30950,25.87050,0.22040,13.19500
2004-12-31,0.00000,-0.06846,0.00393,73.20850,23.46300,0.22749,12.78500
